花王堂区,district,澳门特别行政区
望德堂区,district,澳门特别行政区
大堂区,district,澳门特别行政区
风顺堂区,district,澳门特别行政区
花地玛堂区,district,澳门特别行政区
嘉模堂区,district,澳门特别行政区
圣方济各堂区,district,澳门特别行政区
路凼填海区,district,澳门特别行政区
澳门特别行政区,province,中华人民共和国
昌平区,district,北京城区
朝阳区,district,北京城区
大兴区,district,北京城区
东城区,district,北京城区
房山区,district,北京城区
丰台区,district,北京城区
海淀区,district,北京城区
怀柔区,district,北京城区
门头沟区,district,北京城区
密云区,district,北京城区
平谷区,district,北京城区
石景山区,district,北京城区
顺义区,district,北京城区
通州区,district,北京城区
西城区,district,北京城区
延庆区,district,北京城区
北京城区,city,北京市
北京市,province,中华人民共和国
巴南区,district,重庆城区
北碚区,district,重庆城区
璧山区,district,重庆城区
大渡口区,district,重庆城区
大足区,district,重庆城区
涪陵区,district,重庆城区
合川区,district,重庆城区
江北区,district,重庆城区
江津区,district,重庆城区
九龙坡区,district,重庆城区
开州区,district,重庆城区
南岸区,district,重庆城区
南川区,district,重庆城区
綦江区,district,重庆城区
黔江区,district,重庆城区
荣昌区,district,重庆城区
沙坪坝区,district,重庆城区
铜梁区,district,重庆城区
潼南区,district,重庆城区
万州区,district,重庆城区
永川区,district,重庆城区
渝北区,district,重庆城区
渝中区,district,重庆城区
长寿区,district,重庆城区
重庆城区,city,重庆市
城口县,district,重庆郊县
垫江县,district,重庆郊县
丰都县,district,重庆郊县
奉节县,district,重庆郊县
梁平区,district,重庆郊县
彭水苗族土家族自治县,district,重庆郊县
石柱土家族自治县,district,重庆郊县
巫山县,district,重庆郊县
巫溪县,district,重庆郊县
武隆区,district,重庆郊县
秀山土家族苗族自治县,district,重庆郊县
酉阳土家族苗族自治县,district,重庆郊县
云阳县,district,重庆郊县
忠县,district,重庆郊县
重庆郊县,city,重庆市
重庆市,province,中华人民共和国
仓山区,district,福州市
福清市,district,福州市
鼓楼区,district,福州市
晋安区,district,福州市
连江县,district,福州市
罗源县,district,福州市
马尾区,district,福州市
闽侯县,district,福州市
闽清县,district,福州市
平潭县,district,福州市
台江区,district,福州市
永泰县,district,福州市
长乐区,district,福州市
福州市,city,福建省
连城县,district,龙岩市
上杭县,district,龙岩市
武平县,district,龙岩市
新罗区,district,龙岩市
永定区,district,龙岩市
漳平市,district,龙岩市
长汀县,district,龙岩市
龙岩市,city,福建省
光泽县,district,南平市
建瓯市,district,南平市
建阳区,district,南平市
浦城县,district,南平市
邵武市,district,南平市
顺昌县,district,南平市
松溪县,district,南平市
武夷山市,district,南平市
延平区,district,南平市
政和县,district,南平市
南平市,city,福建省
福鼎市,district,宁德市
福安市,district,宁德市
古田县,district,宁德市
蕉城区,district,宁德市
屏南县,district,宁德市
寿宁县,district,宁德市
霞浦县,district,宁德市
柘荣县,district,宁德市
周宁县,district,宁德市
宁德市,city,福建省
海沧区,district,厦门市
湖里区,district,厦门市
集美区,district,厦门市
思明区,district,厦门市
同安区,district,厦门市
翔安区,district,厦门市
厦门市,city,福建省
城厢区,district,莆田市
涵江区,district,莆田市
荔城区,district,莆田市
仙游县,district,莆田市
秀屿区,district,莆田市
莆田市,city,福建省
大田县,district,三明市
建宁县,district,三明市
将乐县,district,三明市
梅列区,district,三明市
明溪县,district,三明市
宁化县,district,三明市
清流县,district,三明市
三元区,district,三明市
沙县,district,三明市
泰宁县,district,三明市
永安市,district,三明市
尤溪县,district,三明市
三明市,city,福建省
安溪县,district,泉州市
德化县,district,泉州市
丰泽区,district,泉州市
惠安县,district,泉州市
金门县,district,泉州市
晋江市,district,泉州市
鲤城区,district,泉州市
洛江区,district,泉州市
南安市,district,泉州市
泉港区,district,泉州市
石狮市,district,泉州市
永春县,district,泉州市
泉州市,city,福建省
东山县,district,漳州市
华安县,district,漳州市
龙海市,district,漳州市
龙文区,district,漳州市
南靖县,district,漳州市
平和县,district,漳州市
芗城区,district,漳州市
云霄县,district,漳州市
漳浦县,district,漳州市
长泰县,district,漳州市
诏安县,district,漳州市
漳州市,city,福建省
福建省,province,中华人民共和国
南头镇,street,中山市
小榄镇,street,中山市
神湾镇,street,中山市
东凤镇,street,中山市
南朗镇,street,中山市
环城街道,street,中山市
坦洲镇,street,中山市
中山港街道,street,中山市
南区街道,street,中山市
五桂山街道,street,中山市
石歧区街道,street,中山市
西区街道,street,中山市
东区街道,street,中山市
三乡镇,street,中山市
大涌镇,street,中山市
黄圃镇,street,中山市
石岐区街道,street,中山市
沙溪镇,street,中山市
东升镇,street,中山市
阜沙镇,street,中山市
民众镇,street,中山市
横栏镇,street,中山市
三角镇,street,中山市
板芙镇,street,中山市
港口镇,street,中山市
古镇镇,street,中山市
中山市,city,广东省
东沙群岛,city,广东省
潮安区,district,潮州市
饶平县,district,潮州市
湘桥区,district,潮州市
潮州市,city,广东省
东坑镇,street,东莞市
大岭山镇,street,东莞市
企石镇,street,东莞市
沙田镇,street,东莞市
道滘镇,street,东莞市
虎门镇,street,东莞市
望牛墩镇,street,东莞市
南城街道,street,东莞市
莞城街道,street,东莞市
东城街道,street,东莞市
万江街道,street,东莞市
石排镇,street,东莞市
厚街镇,street,东莞市
长安镇,street,东莞市
石碣镇,street,东莞市
大朗镇,street,东莞市
横沥镇,street,东莞市
樟木头镇,street,东莞市
清溪镇,street,东莞市
麻涌镇,street,东莞市
茶山镇,street,东莞市
凤岗镇,street,东莞市
高埗镇,street,东莞市
中堂镇,street,东莞市
桥头镇,street,东莞市
谢岗镇,street,东莞市
黄江镇,street,东莞市
塘厦镇,street,东莞市
寮步镇,street,东莞市
洪梅镇,street,东莞市
常平镇,street,东莞市
石龙镇,street,东莞市
东莞市,city,广东省
禅城区,district,佛山市
高明区,district,佛山市
南海区,district,佛山市
三水区,district,佛山市
顺德区,district,佛山市
佛山市,city,广东省
白云区,district,广州市
从化区,district,广州市
番禺区,district,广州市
海珠区,district,广州市
花都区,district,广州市
黄埔区,district,广州市
荔湾区,district,广州市
南沙区,district,广州市
天河区,district,广州市
越秀区,district,广州市
增城区,district,广州市
广州市,city,广东省
东源县,district,河源市
和平县,district,河源市
连平县,district,河源市
龙川县,district,河源市
源城区,district,河源市
紫金县,district,河源市
河源市,city,广东省
博罗县,district,惠州市
惠城区,district,惠州市
惠东县,district,惠州市
惠阳区,district,惠州市
龙门县,district,惠州市
惠州市,city,广东省
恩平市,district,江门市
鹤山市,district,江门市
江海区,district,江门市
开平市,district,江门市
蓬江区,district,江门市
台山市,district,江门市
新会区,district,江门市
江门市,city,广东省
惠来县,district,揭阳市
揭东区,district,揭阳市
揭西县,district,揭阳市
普宁市,district,揭阳市
榕城区,district,揭阳市
揭阳市,city,广东省
电白区,district,茂名市
高州市,district,茂名市
化州市,district,茂名市
茂南区,district,茂名市
信宜市,district,茂名市
茂名市,city,广东省
大埔县,district,梅州市
丰顺县,district,梅州市
蕉岭县,district,梅州市
梅江区,district,梅州市
梅县区,district,梅州市
平远县,district,梅州市
五华县,district,梅州市
兴宁市,district,梅州市
梅州市,city,广东省
佛冈县,district,清远市
连州市,district,清远市
连南瑶族自治县,district,清远市
连山壮族瑶族自治县,district,清远市
清新区,district,清远市
清城区,district,清远市
阳山县,district,清远市
英德市,district,清远市
清远市,city,广东省
潮南区,district,汕头市
澄海区,district,汕头市
潮阳区,district,汕头市
濠江区,district,汕头市
金平区,district,汕头市
龙湖区,district,汕头市
南澳县,district,汕头市
汕头市,city,广东省
城区,district,汕尾市
海丰县,district,汕尾市
陆丰市,district,汕尾市
陆河县,district,汕尾市
汕尾市,city,广东省
乐昌市,district,韶关市
南雄市,district,韶关市
曲江区,district,韶关市
仁化县,district,韶关市
乳源瑶族自治县,district,韶关市
始兴县,district,韶关市
翁源县,district,韶关市
武江区,district,韶关市
新丰县,district,韶关市
浈江区,district,韶关市
韶关市,city,广东省
宝安区,district,深圳市
福田区,district,深圳市
龙岗区,district,深圳市
龙华区,district,深圳市
罗湖区,district,深圳市
南山区,district,深圳市
坪山区,district,深圳市
盐田区,district,深圳市
深圳市,city,广东省
江城区,district,阳江市
阳西县,district,阳江市
阳东区,district,阳江市
阳春市,district,阳江市
阳江市,city,广东省
罗定市,district,云浮市
新兴县,district,云浮市
云安区,district,云浮市
郁南县,district,云浮市
云城区,district,云浮市
云浮市,city,广东省
赤坎区,district,湛江市
雷州市,district,湛江市
廉江市,district,湛江市
麻章区,district,湛江市
坡头区,district,湛江市
遂溪县,district,湛江市
吴川市,district,湛江市
霞山区,district,湛江市
徐闻县,district,湛江市
湛江市,city,广东省
德庆县,district,肇庆市
鼎湖区,district,肇庆市
端州区,district,肇庆市
封开县,district,肇庆市
高要区,district,肇庆市
广宁县,district,肇庆市
怀集县,district,肇庆市
四会市,district,肇庆市
肇庆市,city,广东省
斗门区,district,珠海市
金湾区,district,珠海市
香洲区,district,珠海市
珠海市,city,广东省
广东省,province,中华人民共和国
海城区,district,北海市
合浦县,district,北海市
铁山港区,district,北海市
银海区,district,北海市
北海市,city,广西壮族自治区
德保县,district,百色市
靖西市,district,百色市
乐业县,district,百色市
凌云县,district,百色市
隆林各族自治县,district,百色市
那坡县,district,百色市
平果县,district,百色市
田林县,district,百色市
田东县,district,百色市
田阳县,district,百色市
西林县,district,百色市
右江区,district,百色市
百色市,city,广西壮族自治区
大新县,district,崇左市
扶绥县,district,崇左市
江州区,district,崇左市
龙州县,district,崇左市
宁明县,district,崇左市
凭祥市,district,崇左市
天等县,district,崇左市
崇左市,city,广西壮族自治区
东兴市,district,防城港市
防城区,district,防城港市
港口区,district,防城港市
上思县,district,防城港市
防城港市,city,广西壮族自治区
叠彩区,district,桂林市
灌阳县,district,桂林市
恭城瑶族自治县,district,桂林市
荔浦县,district,桂林市
临桂区,district,桂林市
灵川县,district,桂林市
龙胜各族自治县,district,桂林市
平乐县,district,桂林市
七星区,district,桂林市
全州县,district,桂林市
象山区,district,桂林市
兴安县,district,桂林市
秀峰区,district,桂林市
阳朔县,district,桂林市
雁山区,district,桂林市
永福县,district,桂林市
资源县,district,桂林市
桂林市,city,广西壮族自治区
港南区,district,贵港市
港北区,district,贵港市
桂平市,district,贵港市
平南县,district,贵港市
覃塘区,district,贵港市
贵港市,city,广西壮族自治区
巴马瑶族自治县,district,河池市
大化瑶族自治县,district,河池市
东兰县,district,河池市
都安瑶族自治县,district,河池市
凤山县,district,河池市
环江毛南族自治县,district,河池市
金城江区,district,河池市
罗城仫佬族自治县,district,河池市
南丹县,district,河池市
天峨县,district,河池市
宜州区,district,河池市
河池市,city,广西壮族自治区
八步区,district,贺州市
富川瑶族自治县,district,贺州市
平桂区,district,贺州市
昭平县,district,贺州市
钟山县,district,贺州市
贺州市,city,广西壮族自治区
合山市,district,来宾市
金秀瑶族自治县,district,来宾市
武宣县,district,来宾市
忻城县,district,来宾市
象州县,district,来宾市
兴宾区,district,来宾市
来宾市,city,广西壮族自治区
城中区,district,柳州市
柳城县,district,柳州市
柳北区,district,柳州市
柳江区,district,柳州市
柳南区,district,柳州市
鹿寨县,district,柳州市
融水苗族自治县,district,柳州市
融安县,district,柳州市
三江侗族自治县,district,柳州市
鱼峰区,district,柳州市
柳州市,city,广西壮族自治区
宾阳县,district,南宁市
横县,district,南宁市
江南区,district,南宁市
良庆区,district,南宁市
隆安县,district,南宁市
马山县,district,南宁市
青秀区,district,南宁市
上林县,district,南宁市
武鸣区,district,南宁市
西乡塘区,district,南宁市
兴宁区,district,南宁市
邕宁区,district,南宁市
南宁市,city,广西壮族自治区
灵山县,district,钦州市
浦北县,district,钦州市
钦北区,district,钦州市
钦南区,district,钦州市
钦州市,city,广西壮族自治区
苍梧县,district,梧州市
岑溪市,district,梧州市
龙圩区,district,梧州市
蒙山县,district,梧州市
藤县,district,梧州市
万秀区,district,梧州市
长洲区,district,梧州市
梧州市,city,广西壮族自治区
博白县,district,玉林市
北流市,district,玉林市
福绵区,district,玉林市
陆川县,district,玉林市
容县,district,玉林市
兴业县,district,玉林市
玉州区,district,玉林市
玉林市,city,广西壮族自治区
广西壮族自治区,province,中华人民共和国
海头镇,street,儋州市
白马井镇,street,儋州市
新英湾街道,street,儋州市
那大街道,street,儋州市
木棠镇,street,儋州市
新州镇,street,儋州市
中和镇,street,儋州市
峨蔓镇,street,儋州市
排浦镇,street,儋州市
王五镇,street,儋州市
光村镇,street,儋州市
和庆镇,street,儋州市
大成镇,street,儋州市
兰洋镇,street,儋州市
雅星镇,street,儋州市
三都镇,street,儋州市
东成镇,street,儋州市
那大镇,street,儋州市
兰训乡,street,儋州市
儋州市,city,海南省
龙华区,district,海口市
美兰区,district,海口市
琼山区,district,海口市
秀英区,district,海口市
海口市,city,海南省
南沙群岛,district,三沙市
西沙群岛,district,三沙市
中沙群岛的岛礁及其海域,district,三沙市
三沙市,city,海南省
海棠区,district,三亚市
吉阳区,district,三亚市
天涯区,district,三亚市
崖州区,district,三亚市
三亚市,city,海南省
细水乡,street,白沙黎族自治县
阜龙乡,street,白沙黎族自治县
邦溪镇,street,白沙黎族自治县
南开乡,street,白沙黎族自治县
七坊镇,street,白沙黎族自治县
金波乡,street,白沙黎族自治县
牙叉镇,street,白沙黎族自治县
青松乡,street,白沙黎族自治县
打安镇,street,白沙黎族自治县
荣邦乡,street,白沙黎族自治县
元门乡,street,白沙黎族自治县
白沙黎族自治县,city,海南省
毛岸镇,street,保亭黎族苗族自治县
三道镇,street,保亭黎族苗族自治县
保城镇,street,保亭黎族苗族自治县
六弓乡,street,保亭黎族苗族自治县
什玲镇,street,保亭黎族苗族自治县
响水镇,street,保亭黎族苗族自治县
毛感乡,street,保亭黎族苗族自治县
新政镇,street,保亭黎族苗族自治县
南林乡,street,保亭黎族苗族自治县
加茂镇,street,保亭黎族苗族自治县
保亭黎族苗族自治县,city,海南省
石碌镇,street,昌江黎族自治县
乌烈镇,street,昌江黎族自治县
七叉镇,street,昌江黎族自治县
海尾镇,street,昌江黎族自治县
叉河镇,street,昌江黎族自治县
昌化镇,street,昌江黎族自治县
十月田镇,street,昌江黎族自治县
王下乡,street,昌江黎族自治县
昌江黎族自治县,city,海南省
加乐镇,street,澄迈县
福山镇,street,澄迈县
瑞溪镇,street,澄迈县
文儒镇,street,澄迈县
仁兴镇,street,澄迈县
永发镇,street,澄迈县
大丰镇,street,澄迈县
桥头镇,street,澄迈县
中兴镇,street,澄迈县
老城镇,street,澄迈县
金江镇,street,澄迈县
澄迈县,city,海南省
翰林镇,street,定安县
龙河镇,street,定安县
黄竹镇,street,定安县
龙门镇,street,定安县
定城镇,street,定安县
富文镇,street,定安县
龙州乡,street,定安县
龙湖镇,street,定安县
居丁镇,street,定安县
雷鸣镇,street,定安县
岭口镇,street,定安县
新竹镇,street,定安县
定安县,city,海南省
江边乡,street,东方市
新龙镇,street,东方市
四更镇,street,东方市
板桥镇,street,东方市
感城镇,street,东方市
大田镇,street,东方市
天安乡,street,东方市
罗带乡,street,东方市
三家镇,street,东方市
东河镇,street,东方市
八所镇,street,东方市
东方市,city,海南省
大安镇,street,乐东黎族自治县
莺歌海镇,street,乐东黎族自治县
黄流镇,street,乐东黎族自治县
万冲镇,street,乐东黎族自治县
志仲镇,street,乐东黎族自治县
九所镇,street,乐东黎族自治县
利国镇,street,乐东黎族自治县
佛罗镇,street,乐东黎族自治县
抱由镇,street,乐东黎族自治县
尖峰镇,street,乐东黎族自治县
冲坡镇,street,乐东黎族自治县
千家镇,street,乐东黎族自治县
乐东黎族自治县,city,海南省
东英镇,street,临高县
皇桐镇,street,临高县
南宝镇,street,临高县
和舍镇,street,临高县
多文镇,street,临高县
临城镇,street,临高县
博厚镇,street,临高县
波莲镇,street,临高县
新盈镇,street,临高县
调楼镇,street,临高县
加来镇,street,临高县
临高县,city,海南省
光坡镇,street,陵水黎族自治县
大里乡,street,陵水黎族自治县
英州镇,street,陵水黎族自治县
三才镇,street,陵水黎族自治县
本号镇,street,陵水黎族自治县
群英乡,street,陵水黎族自治县
隆广镇,street,陵水黎族自治县
提蒙乡,street,陵水黎族自治县
椰林镇,street,陵水黎族自治县
新村镇,street,陵水黎族自治县
黎安镇,street,陵水黎族自治县
文罗镇,street,陵水黎族自治县
陵水黎族自治县,city,海南省
博鳌镇,street,琼海市
石壁镇,street,琼海市
会山镇,street,琼海市
大路镇,street,琼海市
万泉镇,street,琼海市
潭门镇,street,琼海市
加积街道,street,琼海市
中原镇,street,琼海市
阳江镇,street,琼海市
朝阳乡,street,琼海市
长坡镇,street,琼海市
塔洋镇,street,琼海市
嘉积镇,street,琼海市
龙江镇,street,琼海市
琼海市,city,海南省
中平镇,street,琼中黎族苗族自治县
和平镇,street,琼中黎族苗族自治县
什运乡,street,琼中黎族苗族自治县
营根镇,street,琼中黎族苗族自治县
红毛镇,street,琼中黎族苗族自治县
吊罗山乡,street,琼中黎族苗族自治县
上安乡,street,琼中黎族苗族自治县
湾岭镇,street,琼中黎族苗族自治县
黎母山镇,street,琼中黎族苗族自治县
琼中黎族苗族自治县,city,海南省
南吕镇,street,屯昌县
西昌镇,street,屯昌县
新兴镇,street,屯昌县
乌坡镇,street,屯昌县
枫木镇,street,屯昌县
坡心镇,street,屯昌县
屯城镇,street,屯昌县
南坤镇,street,屯昌县
屯昌县,city,海南省
龙滚镇,street,万宁市
礼纪镇,street,万宁市
后安镇,street,万宁市
大茂镇,street,万宁市
北大镇,street,万宁市
万城镇,street,万宁市
南桥镇,street,万宁市
长丰镇,street,万宁市
东澳镇,street,万宁市
三更罗镇,street,万宁市
和乐镇,street,万宁市
山根镇,street,万宁市
万宁市,city,海南省
重兴镇,street,文昌市
潭牛镇,street,文昌市
文城镇,street,文昌市
会文镇,street,文昌市
东路镇,street,文昌市
冯坡镇,street,文昌市
文教镇,street,文昌市
锦山镇,street,文昌市
蓬莱镇,street,文昌市
东阁镇,street,文昌市
昌洒镇,street,文昌市
铺前镇,street,文昌市
翁田镇,street,文昌市
东郊镇,street,文昌市
抱罗镇,street,文昌市
公坡镇,street,文昌市
龙楼镇,street,文昌市
文昌市,city,海南省
番阳镇,street,五指山市
冲山镇,street,五指山市
毛阳镇,street,五指山市
水满乡,street,五指山市
通什镇,street,五指山市
南圣镇,street,五指山市
毛道乡,street,五指山市
畅好乡,street,五指山市
五指山市,city,海南省
海南省,province,中华人民共和国
关岭布依族苗族自治县,district,安顺市
平坝区,district,安顺市
普定县,district,安顺市
西秀区,district,安顺市
镇宁布依族苗族自治县,district,安顺市
紫云苗族布依族自治县,district,安顺市
安顺市,city,贵州省
大方县,district,毕节市
赫章县,district,毕节市
金沙县,district,毕节市
纳雍县,district,毕节市
七星关区,district,毕节市
黔西县,district,毕节市
威宁彝族回族苗族自治县,district,毕节市
织金县,district,毕节市
毕节市,city,贵州省
白云区,district,贵阳市
观山湖区,district,贵阳市
花溪区,district,贵阳市
开阳县,district,贵阳市
南明区,district,贵阳市
清镇市,district,贵阳市
乌当区,district,贵阳市
息烽县,district,贵阳市
修文县,district,贵阳市
云岩区,district,贵阳市
贵阳市,city,贵州省
六枝特区,district,六盘水市
盘州市,district,六盘水市
水城县,district,六盘水市
钟山区,district,六盘水市
六盘水市,city,贵州省
安龙县,district,黔西南布依族苗族自治州
册亨县,district,黔西南布依族苗族自治州
普安县,district,黔西南布依族苗族自治州
晴隆县,district,黔西南布依族苗族自治州
望谟县,district,黔西南布依族苗族自治州
兴仁县,district,黔西南布依族苗族自治州
兴义市,district,黔西南布依族苗族自治州
贞丰县,district,黔西南布依族苗族自治州
黔西南布依族苗族自治州,city,贵州省
都匀市,district,黔南布依族苗族自治州
独山县,district,黔南布依族苗族自治州
福泉市,district,黔南布依族苗族自治州
贵定县,district,黔南布依族苗族自治州
惠水县,district,黔南布依族苗族自治州
荔波县,district,黔南布依族苗族自治州
龙里县,district,黔南布依族苗族自治州
罗甸县,district,黔南布依族苗族自治州
平塘县,district,黔南布依族苗族自治州
三都水族自治县,district,黔南布依族苗族自治州
瓮安县,district,黔南布依族苗族自治州
长顺县,district,黔南布依族苗族自治州
黔南布依族苗族自治州,city,贵州省
岑巩县,district,黔东南苗族侗族自治州
从江县,district,黔东南苗族侗族自治州
丹寨县,district,黔东南苗族侗族自治州
黄平县,district,黔东南苗族侗族自治州
剑河县,district,黔东南苗族侗族自治州
锦屏县,district,黔东南苗族侗族自治州
凯里市,district,黔东南苗族侗族自治州
雷山县,district,黔东南苗族侗族自治州
黎平县,district,黔东南苗族侗族自治州
麻江县,district,黔东南苗族侗族自治州
三穗县,district,黔东南苗族侗族自治州
榕江县,district,黔东南苗族侗族自治州
施秉县,district,黔东南苗族侗族自治州
台江县,district,黔东南苗族侗族自治州
天柱县,district,黔东南苗族侗族自治州
镇远县,district,黔东南苗族侗族自治州
黔东南苗族侗族自治州,city,贵州省
碧江区,district,铜仁市
德江县,district,铜仁市
江口县,district,铜仁市
石阡县,district,铜仁市
思南县,district,铜仁市
松桃苗族自治县,district,铜仁市
万山区,district,铜仁市
沿河土家族自治县,district,铜仁市
印江土家族苗族自治县,district,铜仁市
玉屏侗族自治县,district,铜仁市
铜仁市,city,贵州省
播州区,district,遵义市
赤水市,district,遵义市
道真仡佬族苗族自治县,district,遵义市
凤冈县,district,遵义市
红花岗区,district,遵义市
汇川区,district,遵义市
湄潭县,district,遵义市
仁怀市,district,遵义市
绥阳县,district,遵义市
桐梓县,district,遵义市
务川仡佬族苗族自治县,district,遵义市
习水县,district,遵义市
余庆县,district,遵义市
正安县,district,遵义市
遵义市,city,贵州省
贵州省,province,中华人民共和国
城区,district,大同市
大同县,district,大同市
广灵县,district,大同市
浑源县,district,大同市
矿区,district,大同市
灵丘县,district,大同市
南郊区,district,大同市
天镇县,district,大同市
新荣区,district,大同市
阳高县,district,大同市
左云县,district,大同市
大同市,city,山西省
城区,district,晋城市
高平市,district,晋城市
陵川县,district,晋城市
沁水县,district,晋城市
阳城县,district,晋城市
泽州县,district,晋城市
晋城市,city,山西省
和顺县,district,晋中市
介休市,district,晋中市
灵石县,district,晋中市
平遥县,district,晋中市
祁县,district,晋中市
寿阳县,district,晋中市
太谷县,district,晋中市
昔阳县,district,晋中市
榆次区,district,晋中市
榆社县,district,晋中市
左权县,district,晋中市
晋中市,city,山西省
安泽县,district,临汾市
大宁县,district,临汾市
汾西县,district,临汾市
浮山县,district,临汾市
古县,district,临汾市
洪洞县,district,临汾市
侯马市,district,临汾市
霍州市,district,临汾市
吉县,district,临汾市
蒲县,district,临汾市
曲沃县,district,临汾市
隰县,district,临汾市
襄汾县,district,临汾市
乡宁县,district,临汾市
尧都区,district,临汾市
翼城县,district,临汾市
永和县,district,临汾市
临汾市,city,山西省
方山县,district,吕梁市
汾阳市,district,吕梁市
交城县,district,吕梁市
交口县,district,吕梁市
岚县,district,吕梁市
离石区,district,吕梁市
柳林县,district,吕梁市
临县,district,吕梁市
石楼县,district,吕梁市
文水县,district,吕梁市
孝义市,district,吕梁市
兴县,district,吕梁市
中阳县,district,吕梁市
吕梁市,city,山西省
怀仁县,district,朔州市
平鲁区,district,朔州市
山阴县,district,朔州市
朔城区,district,朔州市
应县,district,朔州市
右玉县,district,朔州市
朔州市,city,山西省
古交市,district,太原市
尖草坪区,district,太原市
晋源区,district,太原市
娄烦县,district,太原市
清徐县,district,太原市
万柏林区,district,太原市
小店区,district,太原市
杏花岭区,district,太原市
阳曲县,district,太原市
迎泽区,district,太原市
太原市,city,山西省
城区,district,阳泉市
郊区,district,阳泉市
矿区,district,阳泉市
平定县,district,阳泉市
盂县,district,阳泉市
阳泉市,city,山西省
保德县,district,忻州市
代县,district,忻州市
定襄县,district,忻州市
繁峙县,district,忻州市
河曲县,district,忻州市
静乐县,district,忻州市
岢岚县,district,忻州市
宁武县,district,忻州市
偏关县,district,忻州市
神池县,district,忻州市
五寨县,district,忻州市
五台县,district,忻州市
忻府区,district,忻州市
原平市,district,忻州市
忻州市,city,山西省
河津市,district,运城市
稷山县,district,运城市
绛县,district,运城市
临猗县,district,运城市
平陆县,district,运城市
芮城县,district,运城市
万荣县,district,运城市
闻喜县,district,运城市
夏县,district,运城市
新绛县,district,运城市
盐湖区,district,运城市
永济市,district,运城市
垣曲县,district,运城市
运城市,city,山西省
城区,district,长治市
壶关县,district,长治市
郊区,district,长治市
黎城县,district,长治市
潞城市,district,长治市
平顺县,district,长治市
沁县,district,长治市
沁源县,district,长治市
屯留县,district,长治市
武乡县,district,长治市
襄垣县,district,长治市
长治县,district,长治市
长子县,district,长治市
长治市,city,山西省
山西省,province,中华人民共和国
台湾省,province,中华人民共和国
白银区,district,白银市
会宁县,district,白银市
景泰县,district,白银市
靖远县,district,白银市
平川区,district,白银市
白银市,city,甘肃省
迭部县,district,甘南藏族自治州
合作市,district,甘南藏族自治州
临潭县,district,甘南藏族自治州
碌曲县,district,甘南藏族自治州
玛曲县,district,甘南藏族自治州
夏河县,district,甘南藏族自治州
舟曲县,district,甘南藏族自治州
卓尼县,district,甘南藏族自治州
甘南藏族自治州,city,甘肃省
安定区,district,定西市
临洮县,district,定西市
陇西县,district,定西市
岷县,district,定西市
通渭县,district,定西市
渭源县,district,定西市
漳县,district,定西市
定西市,city,甘肃省
嘉峪关乡,street,嘉峪关市
前进路街道,street,嘉峪关市
五一路街道,street,嘉峪关市
建设路街道,street,嘉峪关市
新华路街道,street,嘉峪关市
前进街道,street,嘉峪关市
峪泉镇,street,嘉峪关市
新城镇,street,嘉峪关市
文殊镇,street,嘉峪关市
嘉峪关市,city,甘肃省
金川区,district,金昌市
永昌县,district,金昌市
金昌市,city,甘肃省
阿克塞哈萨克族自治县,district,酒泉市
敦煌市,district,酒泉市
瓜州县,district,酒泉市
金塔县,district,酒泉市
肃州区,district,酒泉市
肃北蒙古族自治县,district,酒泉市
玉门市,district,酒泉市
酒泉市,city,甘肃省
安宁区,district,兰州市
城关区,district,兰州市
皋兰县,district,兰州市
红古区,district,兰州市
七里河区,district,兰州市
西固区,district,兰州市
永登县,district,兰州市
榆中县,district,兰州市
兰州市,city,甘肃省
东乡族自治县,district,临夏回族自治州
广河县,district,临夏回族自治州
和政县,district,临夏回族自治州
积石山保安族东乡族撒拉族自治县,district,临夏回族自治州
康乐县,district,临夏回族自治州
临夏市,district,临夏回族自治州
临夏县,district,临夏回族自治州
永靖县,district,临夏回族自治州
临夏回族自治州,city,甘肃省
成县,district,陇南市
宕昌县,district,陇南市
徽县,district,陇南市
康县,district,陇南市
礼县,district,陇南市
两当县,district,陇南市
文县,district,陇南市
武都区,district,陇南市
西和县,district,陇南市
陇南市,city,甘肃省
崇信县,district,平凉市
华亭县,district,平凉市
泾川县,district,平凉市
静宁县,district,平凉市
崆峒区,district,平凉市
灵台县,district,平凉市
庄浪县,district,平凉市
平凉市,city,甘肃省
合水县,district,庆阳市
华池县,district,庆阳市
环县,district,庆阳市
宁县,district,庆阳市
庆城县,district,庆阳市
西峰区,district,庆阳市
镇原县,district,庆阳市
正宁县,district,庆阳市
庆阳市,city,甘肃省
甘谷县,district,天水市
麦积区,district,天水市
秦安县,district,天水市
秦州区,district,天水市
清水县,district,天水市
武山县,district,天水市
张家川回族自治县,district,天水市
天水市,city,甘肃省
古浪县,district,武威市
凉州区,district,武威市
民勤县,district,武威市
天祝藏族自治县,district,武威市
武威市,city,甘肃省
甘州区,district,张掖市
高台县,district,张掖市
临泽县,district,张掖市
民乐县,district,张掖市
山丹县,district,张掖市
肃南裕固族自治县,district,张掖市
张掖市,city,甘肃省
甘肃省,province,中华人民共和国
宝山区,district,上海城区
崇明区,district,上海城区
奉贤区,district,上海城区
虹口区,district,上海城区
黄浦区,district,上海城区
嘉定区,district,上海城区
金山区,district,上海城区
静安区,district,上海城区
闵行区,district,上海城区
浦东新区,district,上海城区
普陀区,district,上海城区
青浦区,district,上海城区
松江区,district,上海城区
徐汇区,district,上海城区
杨浦区,district,上海城区
长宁区,district,上海城区
上海城区,city,上海市
上海市,province,中华人民共和国
大观区,district,安庆市
怀宁县,district,安庆市
潜山县,district,安庆市
宿松县,district,安庆市
太湖县,district,安庆市
桐城市,district,安庆市
望江县,district,安庆市
宜秀区,district,安庆市
迎江区,district,安庆市
岳西县,district,安庆市
安庆市,city,安徽省
蚌山区,district,蚌埠市
固镇县,district,蚌埠市
淮上区,district,蚌埠市
怀远县,district,蚌埠市
龙子湖区,district,蚌埠市
五河县,district,蚌埠市
禹会区,district,蚌埠市
蚌埠市,city,安徽省
利辛县,district,亳州市
蒙城县,district,亳州市
谯城区,district,亳州市
涡阳县,district,亳州市
亳州市,city,安徽省
定远县,district,滁州市
凤阳县,district,滁州市
来安县,district,滁州市
琅琊区,district,滁州市
明光市,district,滁州市
南谯区,district,滁州市
全椒县,district,滁州市
天长市,district,滁州市
滁州市,city,安徽省
东至县,district,池州市
贵池区,district,池州市
青阳县,district,池州市
石台县,district,池州市
池州市,city,安徽省
阜南县,district,阜阳市
界首市,district,阜阳市
临泉县,district,阜阳市
太和县,district,阜阳市
颍东区,district,阜阳市
颍泉区,district,阜阳市
颍上县,district,阜阳市
颍州区,district,阜阳市
阜阳市,city,安徽省
包河区,district,合肥市
巢湖市,district,合肥市
肥西县,district,合肥市
肥东县,district,合肥市
庐阳区,district,合肥市
庐江县,district,合肥市
蜀山区,district,合肥市
瑶海区,district,合肥市
长丰县,district,合肥市
合肥市,city,安徽省
黄山区,district,黄山市
徽州区,district,黄山市
祁门县,district,黄山市
歙县,district,黄山市
屯溪区,district,黄山市
休宁县,district,黄山市
黟县,district,黄山市
黄山市,city,安徽省
八公山区,district,淮南市
大通区,district,淮南市
凤台县,district,淮南市
潘集区,district,淮南市
寿县,district,淮南市
田家庵区,district,淮南市
谢家集区,district,淮南市
淮南市,city,安徽省
杜集区,district,淮北市
烈山区,district,淮北市
濉溪县,district,淮北市
相山区,district,淮北市
淮北市,city,安徽省
霍邱县,district,六安市
霍山县,district,六安市
金寨县,district,六安市
金安区,district,六安市
舒城县,district,六安市
叶集区,district,六安市
裕安区,district,六安市
六安市,city,安徽省
博望区,district,马鞍山市
当涂县,district,马鞍山市
含山县,district,马鞍山市
和县,district,马鞍山市
花山区,district,马鞍山市
雨山区,district,马鞍山市
马鞍山市,city,安徽省
枞阳县,district,铜陵市
郊区,district,铜陵市
铜官区,district,铜陵市
义安区,district,铜陵市
铜陵市,city,安徽省
砀山县,district,宿州市
灵璧县,district,宿州市
泗县,district,宿州市
萧县,district,宿州市
埇桥区,district,宿州市
宿州市,city,安徽省
繁昌县,district,芜湖市
镜湖区,district,芜湖市
鸠江区,district,芜湖市
南陵县,district,芜湖市
三山区,district,芜湖市
无为县,district,芜湖市
芜湖县,district,芜湖市
弋江区,district,芜湖市
芜湖市,city,安徽省
广德县,district,宣城市
绩溪县,district,宣城市
泾县,district,宣城市
旌德县,district,宣城市
郎溪县,district,宣城市
宁国市,district,宣城市
宣州区,district,宣城市
宣城市,city,安徽省
安徽省,province,中华人民共和国
安阳县,district,安阳市
北关区,district,安阳市
滑县,district,安阳市
林州市,district,安阳市
龙安区,district,安阳市
内黄县,district,安阳市
汤阴县,district,安阳市
文峰区,district,安阳市
殷都区,district,安阳市
安阳市,city,河南省
鹤山区,district,鹤壁市
浚县,district,鹤壁市
淇滨区,district,鹤壁市
淇县,district,鹤壁市
山城区,district,鹤壁市
鹤壁市,city,河南省
博爱县,district,焦作市
解放区,district,焦作市
马村区,district,焦作市
孟州市,district,焦作市
沁阳市,district,焦作市
山阳区,district,焦作市
温县,district,焦作市
武陟县,district,焦作市
修武县,district,焦作市
中站区,district,焦作市
焦作市,city,河南省
鼓楼区,district,开封市
兰考县,district,开封市
龙亭区,district,开封市
杞县,district,开封市
顺河回族区,district,开封市
通许县,district,开封市
尉氏县,district,开封市
祥符区,district,开封市
禹王台区,district,开封市
开封市,city,河南省
临颍县,district,漯河市
舞阳县,district,漯河市
郾城区,district,漯河市
源汇区,district,漯河市
召陵区,district,漯河市
漯河市,city,河南省
瀍河回族区,district,洛阳市
吉利区,district,洛阳市
涧西区,district,洛阳市
老城区,district,洛阳市
栾川县,district,洛阳市
洛宁县,district,洛阳市
洛龙区,district,洛阳市
孟津县,district,洛阳市
汝阳县,district,洛阳市
嵩县,district,洛阳市
西工区,district,洛阳市
新安县,district,洛阳市
伊川县,district,洛阳市
偃师市,district,洛阳市
宜阳县,district,洛阳市
洛阳市,city,河南省
邓州市,district,南阳市
方城县,district,南阳市
南召县,district,南阳市
内乡县,district,南阳市
社旗县,district,南阳市
唐河县,district,南阳市
桐柏县,district,南阳市
宛城区,district,南阳市
卧龙区,district,南阳市
淅川县,district,南阳市
西峡县,district,南阳市
新野县,district,南阳市
镇平县,district,南阳市
南阳市,city,河南省
宝丰县,district,平顶山市
郏县,district,平顶山市
鲁山县,district,平顶山市
汝州市,district,平顶山市
石龙区,district,平顶山市
卫东区,district,平顶山市
舞钢市,district,平顶山市
新华区,district,平顶山市
叶县,district,平顶山市
湛河区,district,平顶山市
平顶山市,city,河南省
范县,district,濮阳市
华龙区,district,濮阳市
南乐县,district,濮阳市
濮阳县,district,濮阳市
清丰县,district,濮阳市
台前县,district,濮阳市
濮阳市,city,河南省
梁园区,district,商丘市
民权县,district,商丘市
宁陵县,district,商丘市
睢县,district,商丘市
睢阳区,district,商丘市
夏邑县,district,商丘市
永城市,district,商丘市
虞城县,district,商丘市
柘城县,district,商丘市
商丘市,city,河南省
湖滨区,district,三门峡市
灵宝市,district,三门峡市
卢氏县,district,三门峡市
渑池县,district,三门峡市
陕州区,district,三门峡市
义马市,district,三门峡市
三门峡市,city,河南省
建安区,district,许昌市
魏都区,district,许昌市
襄城县,district,许昌市
鄢陵县,district,许昌市
禹州市,district,许昌市
长葛市,district,许昌市
许昌市,city,河南省
封丘县,district,新乡市
凤泉区,district,新乡市
红旗区,district,新乡市
辉县市,district,新乡市
获嘉县,district,新乡市
牧野区,district,新乡市
卫辉市,district,新乡市
卫滨区,district,新乡市
新乡县,district,新乡市
延津县,district,新乡市
原阳县,district,新乡市
长垣县,district,新乡市
新乡市,city,河南省
固始县,district,信阳市
光山县,district,信阳市
淮滨县,district,信阳市
潢川县,district,信阳市
罗山县,district,信阳市
平桥区,district,信阳市
商城县,district,信阳市
浉河区,district,信阳市
息县,district,信阳市
新县,district,信阳市
信阳市,city,河南省
登封市,district,郑州市
二七区,district,郑州市
巩义市,district,郑州市
管城回族区,district,郑州市
惠济区,district,郑州市
金水区,district,郑州市
上街区,district,郑州市
新密市,district,郑州市
新郑市,district,郑州市
荥阳市,district,郑州市
中牟县,district,郑州市
中原区,district,郑州市
郑州市,city,河南省
沈丘县,district,周口市
川汇区,district,周口市
郸城县,district,周口市
扶沟县,district,周口市
淮阳县,district,周口市
鹿邑县,district,周口市
商水县,district,周口市
太康县,district,周口市
西华县,district,周口市
项城市,district,周口市
周口市,city,河南省
泌阳县,district,驻马店市
平舆县,district,驻马店市
确山县,district,驻马店市
上蔡县,district,驻马店市
汝南县,district,驻马店市
遂平县,district,驻马店市
西平县,district,驻马店市
新蔡县,district,驻马店市
驿城区,district,驻马店市
正阳县,district,驻马店市
驻马店市,city,河南省
坡头镇,street,济源市
轵城镇,street,济源市
大峪镇,street,济源市
天坛街道,street,济源市
济水街道,street,济源市
玉泉街道,street,济源市
邵原镇,street,济源市
思礼镇,street,济源市
下冶镇,street,济源市
五龙口镇,street,济源市
梨林镇,street,济源市
王屋镇,street,济源市
克井镇,street,济源市
承留镇,street,济源市
济源市,city,河南省
河南省,province,中华人民共和国
安国市,district,保定市
安新县,district,保定市
博野县,district,保定市
定州市,district,保定市
定兴县,district,保定市
阜平县,district,保定市
高阳县,district,保定市
高碑店市,district,保定市
竞秀区,district,保定市
涞水县,district,保定市
莲池区,district,保定市
蠡县,district,保定市
涞源县,district,保定市
满城区,district,保定市
清苑区,district,保定市
曲阳县,district,保定市
容城县,district,保定市
顺平县,district,保定市
唐县,district,保定市
望都县,district,保定市
雄县,district,保定市
徐水区,district,保定市
易县,district,保定市
涿州市,district,保定市
保定市,city,河北省
沧县,district,沧州市
东光县,district,沧州市
海兴县,district,沧州市
河间市,district,沧州市
黄骅市,district,沧州市
孟村回族自治县,district,沧州市
南皮县,district,沧州市
泊头市,district,沧州市
青县,district,沧州市
任丘市,district,沧州市
肃宁县,district,沧州市
吴桥县,district,沧州市
献县,district,沧州市
新华区,district,沧州市
盐山县,district,沧州市
运河区,district,沧州市
沧州市,city,河北省
承德县,district,承德市
丰宁满族自治县,district,承德市
宽城满族自治县,district,承德市
隆化县,district,承德市
滦平县,district,承德市
平泉市,district,承德市
双桥区,district,承德市
双滦区,district,承德市
围场满族蒙古族自治县,district,承德市
兴隆县,district,承德市
鹰手营子矿区,district,承德市
承德市,city,河北省
成安县,district,邯郸市
磁县,district,邯郸市
丛台区,district,邯郸市
大名县,district,邯郸市
肥乡区,district,邯郸市
峰峰矿区,district,邯郸市
复兴区,district,邯郸市
广平县,district,邯郸市
馆陶县,district,邯郸市
邯山区,district,邯郸市
鸡泽县,district,邯郸市
临漳县,district,邯郸市
曲周县,district,邯郸市
邱县,district,邯郸市
涉县,district,邯郸市
魏县,district,邯郸市
武安市,district,邯郸市
永年区,district,邯郸市
邯郸市,city,河北省
安平县,district,衡水市
阜城县,district,衡水市
故城县,district,衡水市
冀州区,district,衡水市
景县,district,衡水市
饶阳县,district,衡水市
深州市,district,衡水市
桃城区,district,衡水市
武强县,district,衡水市
武邑县,district,衡水市
枣强县,district,衡水市
衡水市,city,河北省
霸州市,district,廊坊市
安次区,district,廊坊市
大厂回族自治县,district,廊坊市
大城县,district,廊坊市
固安县,district,廊坊市
广阳区,district,廊坊市
三河市,district,廊坊市
文安县,district,廊坊市
香河县,district,廊坊市
永清县,district,廊坊市
廊坊市,city,河北省
北戴河区,district,秦皇岛市
昌黎县,district,秦皇岛市
抚宁区,district,秦皇岛市
海港区,district,秦皇岛市
卢龙县,district,秦皇岛市
青龙满族自治县,district,秦皇岛市
山海关区,district,秦皇岛市
秦皇岛市,city,河北省
藁城区,district,石家庄市
高邑县,district,石家庄市
井陉县,district,石家庄市
晋州市,district,石家庄市
井陉矿区,district,石家庄市
灵寿县,district,石家庄市
鹿泉区,district,石家庄市
栾城区,district,石家庄市
平山县,district,石家庄市
桥西区,district,石家庄市
深泽县,district,石家庄市
无极县,district,石家庄市
辛集市,district,石家庄市
行唐县,district,石家庄市
新乐市,district,石家庄市
新华区,district,石家庄市
裕华区,district,石家庄市
元氏县,district,石家庄市
赞皇县,district,石家庄市
长安区,district,石家庄市
正定县,district,石家庄市
赵县,district,石家庄市
石家庄市,city,河北省
曹妃甸区,district,唐山市
丰润区,district,唐山市
丰南区,district,唐山市
古冶区,district,唐山市
开平区,district,唐山市
乐亭县,district,唐山市
路北区,district,唐山市
路南区,district,唐山市
滦南县,district,唐山市
滦县,district,唐山市
迁安市,district,唐山市
迁西县,district,唐山市
玉田县,district,唐山市
遵化市,district,唐山市
唐山市,city,河北省
柏乡县,district,邢台市
广宗县,district,邢台市
巨鹿县,district,邢台市
临城县,district,邢台市
临西县,district,邢台市
隆尧县,district,邢台市
南宫市,district,邢台市
南和县,district,邢台市
内丘县,district,邢台市
宁晋县,district,邢台市
平乡县,district,邢台市
桥东区,district,邢台市
桥西区,district,邢台市
清河县,district,邢台市
任县,district,邢台市
沙河市,district,邢台市
威县,district,邢台市
新河县,district,邢台市
邢台县,district,邢台市
邢台市,city,河北省
赤城县,district,张家口市
崇礼区,district,张家口市
沽源县,district,张家口市
怀安县,district,张家口市
怀来县,district,张家口市
康保县,district,张家口市
桥西区,district,张家口市
桥东区,district,张家口市
尚义县,district,张家口市
万全区,district,张家口市
蔚县,district,张家口市
下花园区,district,张家口市
宣化区,district,张家口市
阳原县,district,张家口市
张北县,district,张家口市
涿鹿县,district,张家口市
张家口市,city,河北省
河北省,province,中华人民共和国
鄂城区,district,鄂州市
华容区,district,鄂州市
梁子湖区,district,鄂州市
鄂州市,city,湖北省
巴东县,district,恩施土家族苗族自治州
恩施市,district,恩施土家族苗族自治州
鹤峰县,district,恩施土家族苗族自治州
建始县,district,恩施土家族苗族自治州
来凤县,district,恩施土家族苗族自治州
利川市,district,恩施土家族苗族自治州
咸丰县,district,恩施土家族苗族自治州
宣恩县,district,恩施土家族苗族自治州
恩施土家族苗族自治州,city,湖北省
大冶市,district,黄石市
黄石港区,district,黄石市
铁山区,district,黄石市
西塞山区,district,黄石市
下陆区,district,黄石市
阳新县,district,黄石市
黄石市,city,湖北省
红安县,district,黄冈市
黄梅县,district,黄冈市
黄州区,district,黄冈市
罗田县,district,黄冈市
麻城市,district,黄冈市
蕲春县,district,黄冈市
团风县,district,黄冈市
浠水县,district,黄冈市
武穴市,district,黄冈市
英山县,district,黄冈市
黄冈市,city,湖北省
东宝区,district,荆门市
掇刀区,district,荆门市
京山县,district,荆门市
沙洋县,district,荆门市
钟祥市,district,荆门市
荆门市,city,湖北省
公安县,district,荆州市
洪湖市,district,荆州市
监利县,district,荆州市
江陵县,district,荆州市
荆州区,district,荆州市
沙市区,district,荆州市
石首市,district,荆州市
松滋市,district,荆州市
荆州市,city,湖北省
曾都区,district,随州市
广水市,district,随州市
随县,district,随州市
随州市,city,湖北省
丹江口市,district,十堰市
房县,district,十堰市
茅箭区,district,十堰市
郧西县,district,十堰市
郧阳区,district,十堰市
张湾区,district,十堰市
竹山县,district,十堰市
竹溪县,district,十堰市
十堰市,city,湖北省
蔡甸区,district,武汉市
东西湖区,district,武汉市
汉阳区,district,武汉市
汉南区,district,武汉市
洪山区,district,武汉市
黄陂区,district,武汉市
江汉区,district,武汉市
江夏区,district,武汉市
江岸区,district,武汉市
硚口区,district,武汉市
青山区,district,武汉市
武昌区,district,武汉市
新洲区,district,武汉市
武汉市,city,湖北省
安陆市,district,孝感市
大悟县,district,孝感市
汉川市,district,孝感市
孝南区,district,孝感市
孝昌县,district,孝感市
应城市,district,孝感市
云梦县,district,孝感市
孝感市,city,湖北省
保康县,district,襄阳市
樊城区,district,襄阳市
谷城县,district,襄阳市
老河口市,district,襄阳市
南漳县,district,襄阳市
襄城区,district,襄阳市
襄州区,district,襄阳市
宜城市,district,襄阳市
枣阳市,district,襄阳市
襄阳市,city,湖北省
赤壁市,district,咸宁市
崇阳县,district,咸宁市
嘉鱼县,district,咸宁市
通城县,district,咸宁市
通山县,district,咸宁市
咸安区,district,咸宁市
咸宁市,city,湖北省
点军区,district,宜昌市
当阳市,district,宜昌市
五峰土家族自治县,district,宜昌市
伍家岗区,district,宜昌市
西陵区,district,宜昌市
猇亭区,district,宜昌市
兴山县,district,宜昌市
夷陵区,district,宜昌市
宜都市,district,宜昌市
远安县,district,宜昌市
长阳土家族自治县,district,宜昌市
枝江市,district,宜昌市
秭归县,district,宜昌市
宜昌市,city,湖北省
积玉口镇,street,潜江市
浩口镇,street,潜江市
张金镇,street,潜江市
龙湾镇,street,潜江市
杨市街道,street,潜江市
广华街道,street,潜江市
周矶街道,street,潜江市
园林街道,street,潜江市
泽口街道,street,潜江市
渔洋镇,street,潜江市
兴隆镇,street,潜江市
老新镇,street,潜江市
竹根滩镇,street,潜江市
高石碑镇,street,潜江市
熊口镇,street,潜江市
王场镇,street,潜江市
潜江市,city,湖北省
新华镇,street,神农架林区
宋洛乡,street,神农架林区
阳日镇,street,神农架林区
九湖乡,street,神农架林区
下谷坪土家族乡,street,神农架林区
木鱼镇,street,神农架林区
红坪镇,street,神农架林区
松柏镇,street,神农架林区
神农架林区,city,湖北省
净潭乡,street,天门市
麻洋镇,street,天门市
多祥镇,street,天门市
拖市镇,street,天门市
蒋场镇,street,天门市
汪场镇,street,天门市
马湾镇,street,天门市
横林镇,street,天门市
九真镇,street,天门市
石河镇,street,天门市
张港镇,street,天门市
小板镇,street,天门市
彭市镇,street,天门市
岳口街道,street,天门市
候口街道,street,天门市
杨林街道,street,天门市
竟陵街道,street,天门市
皂市镇,street,天门市
岳口镇,street,天门市
渔薪镇,street,天门市
多宝镇,street,天门市
卢市镇,street,天门市
胡市镇,street,天门市
佛子山镇,street,天门市
黄潭镇,street,天门市
干驿镇,street,天门市
天门市,city,湖北省
郑场镇,street,仙桃市
西流河镇,street,仙桃市
郭河镇,street,仙桃市
干河街道,street,仙桃市
毛嘴镇,street,仙桃市
龙华山街道,street,仙桃市
沙咀街道,street,仙桃市
袁市街道,street,仙桃市
沙嘴街道,street,仙桃市
剅河镇,street,仙桃市
三伏潭镇,street,仙桃市
胡场镇,street,仙桃市
长埫口镇,street,仙桃市
张沟镇,street,仙桃市
陈场镇,street,仙桃市
通海口镇,street,仙桃市
彭场镇,street,仙桃市
杨林尾镇,street,仙桃市
沙湖镇,street,仙桃市
沔城回族镇,street,仙桃市
仙桃市,city,湖北省
湖北省,province,中华人民共和国
安乡县,district,常德市
鼎城区,district,常德市
汉寿县,district,常德市
津市市,district,常德市
澧县,district,常德市
临澧县,district,常德市
石门县,district,常德市
桃源县,district,常德市
武陵区,district,常德市
常德市,city,湖南省
安仁县,district,郴州市
北湖区,district,郴州市
桂阳县,district,郴州市
桂东县,district,郴州市
嘉禾县,district,郴州市
临武县,district,郴州市
汝城县,district,郴州市
苏仙区,district,郴州市
永兴县,district,郴州市
宜章县,district,郴州市
资兴市,district,郴州市
郴州市,city,湖南省
常宁市,district,衡阳市
衡南县,district,衡阳市
衡山县,district,衡阳市
衡阳县,district,衡阳市
衡东县,district,衡阳市
耒阳市,district,衡阳市
南岳区,district,衡阳市
祁东县,district,衡阳市
石鼓区,district,衡阳市
雁峰区,district,衡阳市
蒸湘区,district,衡阳市
珠晖区,district,衡阳市
衡阳市,city,湖南省
冷水江市,district,娄底市
涟源市,district,娄底市
娄星区,district,娄底市
双峰县,district,娄底市
新化县,district,娄底市
娄底市,city,湖南省
北塔区,district,邵阳市
城步苗族自治县,district,邵阳市
大祥区,district,邵阳市
洞口县,district,邵阳市
隆回县,district,邵阳市
邵东县,district,邵阳市
邵阳县,district,邵阳市
双清区,district,邵阳市
绥宁县,district,邵阳市
武冈市,district,邵阳市
新邵县,district,邵阳市
新宁县,district,邵阳市
邵阳市,city,湖南省
保靖县,district,湘西土家族苗族自治州
凤凰县,district,湘西土家族苗族自治州
古丈县,district,湘西土家族苗族自治州
花垣县,district,湘西土家族苗族自治州
吉首市,district,湘西土家族苗族自治州
泸溪县,district,湘西土家族苗族自治州
龙山县,district,湘西土家族苗族自治州
永顺县,district,湘西土家族苗族自治州
湘西土家族苗族自治州,city,湖南省
韶山市,district,湘潭市
湘潭县,district,湘潭市
湘乡市,district,湘潭市
雨湖区,district,湘潭市
岳塘区,district,湘潭市
湘潭市,city,湖南省
道县,district,永州市
东安县,district,永州市
江华瑶族自治县,district,永州市
江永县,district,永州市
冷水滩区,district,永州市
蓝山县,district,永州市
零陵区,district,永州市
宁远县,district,永州市
祁阳县,district,永州市
双牌县,district,永州市
新田县,district,永州市
永州市,city,湖南省
安化县,district,益阳市
赫山区,district,益阳市
南县,district,益阳市
桃江县,district,益阳市
沅江市,district,益阳市
资阳区,district,益阳市
益阳市,city,湖南省
慈利县,district,张家界市
桑植县,district,张家界市
武陵源区,district,张家界市
永定区,district,张家界市
张家界市,city,湖南省
茶陵县,district,株洲市
荷塘区,district,株洲市
醴陵市,district,株洲市
芦淞区,district,株洲市
石峰区,district,株洲市
天元区,district,株洲市
炎陵县,district,株洲市
攸县,district,株洲市
株洲县,district,株洲市
株洲市,city,湖南省
华容县,district,岳阳市
君山区,district,岳阳市
临湘市,district,岳阳市
汨罗市,district,岳阳市
平江县,district,岳阳市
湘阴县,district,岳阳市
云溪区,district,岳阳市
岳阳楼区,district,岳阳市
岳阳县,district,岳阳市
岳阳市,city,湖南省
芙蓉区,district,长沙市
开福区,district,长沙市
浏阳市,district,长沙市
宁乡市,district,长沙市
天心区,district,长沙市
望城区,district,长沙市
雨花区,district,长沙市
岳麓区,district,长沙市
长沙县,district,长沙市
长沙市,city,湖南省
辰溪县,district,怀化市
洪江市,district,怀化市
鹤城区,district,怀化市
会同县,district,怀化市
靖州苗族侗族自治县,district,怀化市
麻阳苗族自治县,district,怀化市
通道侗族自治县,district,怀化市
新晃侗族自治县,district,怀化市
溆浦县,district,怀化市
沅陵县,district,怀化市
芷江侗族自治县,district,怀化市
中方县,district,怀化市
怀化市,city,湖南省
湖南省,province,中华人民共和国
大同区,district,大庆市
杜尔伯特蒙古族自治县,district,大庆市
红岗区,district,大庆市
林甸县,district,大庆市
龙凤区,district,大庆市
萨尔图区,district,大庆市
让胡路区,district,大庆市
肇州县,district,大庆市
肇源县,district,大庆市
大庆市,city,黑龙江省
呼玛县,district,大兴安岭地区
加格达奇区,district,大兴安岭地区
漠河县,district,大兴安岭地区
塔河县,district,大兴安岭地区
大兴安岭地区,city,黑龙江省
阿城区,district,哈尔滨市
巴彦县,district,哈尔滨市
宾县,district,哈尔滨市
道里区,district,哈尔滨市
道外区,district,哈尔滨市
方正县,district,哈尔滨市
呼兰区,district,哈尔滨市
木兰县,district,哈尔滨市
南岗区,district,哈尔滨市
平房区,district,哈尔滨市
尚志市,district,哈尔滨市
双城区,district,哈尔滨市
松北区,district,哈尔滨市
通河县,district,哈尔滨市
五常市,district,哈尔滨市
香坊区,district,哈尔滨市
延寿县,district,哈尔滨市
依兰县,district,哈尔滨市
哈尔滨市,city,黑龙江省
东山区,district,鹤岗市
工农区,district,鹤岗市
萝北县,district,鹤岗市
南山区,district,鹤岗市
绥滨县,district,鹤岗市
向阳区,district,鹤岗市
兴山区,district,鹤岗市
兴安区,district,鹤岗市
鹤岗市,city,黑龙江省
爱辉区,district,黑河市
北安市,district,黑河市
嫩江县,district,黑河市
孙吴县,district,黑河市
五大连池市,district,黑河市
逊克县,district,黑河市
黑河市,city,黑龙江省
城子河区,district,鸡西市
滴道区,district,鸡西市
恒山区,district,鸡西市
虎林市,district,鸡西市
鸡冠区,district,鸡西市
鸡东县,district,鸡西市
梨树区,district,鸡西市
麻山区,district,鸡西市
密山市,district,鸡西市
鸡西市,city,黑龙江省
东风区,district,佳木斯市
富锦市,district,佳木斯市
抚远市,district,佳木斯市
桦川县,district,佳木斯市
桦南县,district,佳木斯市
郊区,district,佳木斯市
前进区,district,佳木斯市
汤原县,district,佳木斯市
同江市,district,佳木斯市
向阳区,district,佳木斯市
佳木斯市,city,黑龙江省
爱民区,district,牡丹江市
东安区,district,牡丹江市
东宁市,district,牡丹江市
海林市,district,牡丹江市
林口县,district,牡丹江市
穆棱市,district,牡丹江市
宁安市,district,牡丹江市
绥芬河市,district,牡丹江市
西安区,district,牡丹江市
阳明区,district,牡丹江市
牡丹江市,city,黑龙江省
昂昂溪区,district,齐齐哈尔市
拜泉县,district,齐齐哈尔市
富裕县,district,齐齐哈尔市
富拉尔基区,district,齐齐哈尔市
甘南县,district,齐齐哈尔市
建华区,district,齐齐哈尔市
克山县,district,齐齐哈尔市
克东县,district,齐齐哈尔市
龙江县,district,齐齐哈尔市
龙沙区,district,齐齐哈尔市
梅里斯达斡尔族区,district,齐齐哈尔市
碾子山区,district,齐齐哈尔市
讷河市,district,齐齐哈尔市
泰来县,district,齐齐哈尔市
铁锋区,district,齐齐哈尔市
依安县,district,齐齐哈尔市
齐齐哈尔市,city,黑龙江省
勃利县,district,七台河市
茄子河区,district,七台河市
桃山区,district,七台河市
新兴区,district,七台河市
七台河市,city,黑龙江省
安达市,district,绥化市
北林区,district,绥化市
海伦市,district,绥化市
兰西县,district,绥化市
明水县,district,绥化市
青冈县,district,绥化市
庆安县,district,绥化市
绥棱县,district,绥化市
望奎县,district,绥化市
肇东市,district,绥化市
绥化市,city,黑龙江省
宝山区,district,双鸭山市
宝清县,district,双鸭山市
集贤县,district,双鸭山市
尖山区,district,双鸭山市
岭东区,district,双鸭山市
饶河县,district,双鸭山市
四方台区,district,双鸭山市
友谊县,district,双鸭山市
双鸭山市,city,黑龙江省
翠峦区,district,伊春市
带岭区,district,伊春市
红星区,district,伊春市
嘉荫县,district,伊春市
金山屯区,district,伊春市
美溪区,district,伊春市
南岔区,district,伊春市
上甘岭区,district,伊春市
汤旺河区,district,伊春市
铁力市,district,伊春市
乌马河区,district,伊春市
乌伊岭区,district,伊春市
五营区,district,伊春市
西林区,district,伊春市
伊春区,district,伊春市
新青区,district,伊春市
友好区,district,伊春市
伊春市,city,黑龙江省
黑龙江省,province,中华人民共和国
金坛区,district,常州市
溧阳市,district,常州市
天宁区,district,常州市
武进区,district,常州市
新北区,district,常州市
钟楼区,district,常州市
常州市,city,江苏省
洪泽区,district,淮安市
淮安区,district,淮安市
淮阴区,district,淮安市
金湖县,district,淮安市
涟水县,district,淮安市
清江浦区,district,淮安市
盱眙县,district,淮安市
淮安市,city,江苏省
东海县,district,连云港市
赣榆区,district,连云港市
灌云县,district,连云港市
灌南县,district,连云港市
海州区,district,连云港市
连云区,district,连云港市
连云港市,city,江苏省
高淳区,district,南京市
鼓楼区,district,南京市
江宁区,district,南京市
建邺区,district,南京市
溧水区,district,南京市
六合区,district,南京市
浦口区,district,南京市
栖霞区,district,南京市
秦淮区,district,南京市
玄武区,district,南京市
雨花台区,district,南京市
南京市,city,江苏省
崇川区,district,南通市
港闸区,district,南通市
海安县,district,南通市
海门市,district,南通市
启东市,district,南通市
如皋市,district,南通市
如东县,district,南通市
通州区,district,南通市
南通市,city,江苏省
常熟市,district,苏州市
姑苏区,district,苏州市
虎丘区,district,苏州市
昆山市,district,苏州市
太仓市,district,苏州市
吴江区,district,苏州市
吴中区,district,苏州市
相城区,district,苏州市
张家港市,district,苏州市
苏州市,city,江苏省
沭阳县,district,宿迁市
泗洪县,district,宿迁市
泗阳县,district,宿迁市
宿豫区,district,宿迁市
宿城区,district,宿迁市
宿迁市,city,江苏省
高港区,district,泰州市
海陵区,district,泰州市
姜堰区,district,泰州市
靖江市,district,泰州市
泰兴市,district,泰州市
兴化市,district,泰州市
泰州市,city,江苏省
滨湖区,district,无锡市
惠山区,district,无锡市
江阴市,district,无锡市
梁溪区,district,无锡市
锡山区,district,无锡市
新吴区,district,无锡市
宜兴市,district,无锡市
无锡市,city,江苏省
丰县,district,徐州市
鼓楼区,district,徐州市
贾汪区,district,徐州市
沛县,district,徐州市
邳州市,district,徐州市
泉山区,district,徐州市
睢宁县,district,徐州市
铜山区,district,徐州市
新沂市,district,徐州市
云龙区,district,徐州市
徐州市,city,江苏省
滨海县,district,盐城市
大丰区,district,盐城市
东台市,district,盐城市
阜宁县,district,盐城市
建湖县,district,盐城市
射阳县,district,盐城市
亭湖区,district,盐城市
响水县,district,盐城市
盐都区,district,盐城市
盐城市,city,江苏省
宝应县,district,扬州市
高邮市,district,扬州市
广陵区,district,扬州市
邗江区,district,扬州市
江都区,district,扬州市
仪征市,district,扬州市
扬州市,city,江苏省
丹徒区,district,镇江市
丹阳市,district,镇江市
京口区,district,镇江市
句容市,district,镇江市
润州区,district,镇江市
扬中市,district,镇江市
镇江市,city,江苏省
江苏省,province,中华人民共和国
崇仁县,district,抚州市
东乡区,district,抚州市
广昌县,district,抚州市
金溪县,district,抚州市
黎川县,district,抚州市
乐安县,district,抚州市
临川区,district,抚州市
南城县,district,抚州市
南丰县,district,抚州市
宜黄县,district,抚州市
资溪县,district,抚州市
抚州市,city,江西省
安远县,district,赣州市
崇义县,district,赣州市
大余县,district,赣州市
定南县,district,赣州市
赣县区,district,赣州市
会昌县,district,赣州市
龙南县,district,赣州市
南康区,district,赣州市
宁都县,district,赣州市
全南县,district,赣州市
瑞金市,district,赣州市
上犹县,district,赣州市
石城县,district,赣州市
信丰县,district,赣州市
兴国县,district,赣州市
寻乌县,district,赣州市
于都县,district,赣州市
章贡区,district,赣州市
赣州市,city,江西省
安福县,district,吉安市
吉州区,district,吉安市
吉安县,district,吉安市
吉水县,district,吉安市
井冈山市,district,吉安市
青原区,district,吉安市
泰和县,district,吉安市
遂川县,district,吉安市
万安县,district,吉安市
峡江县,district,吉安市
新干县,district,吉安市
永新县,district,吉安市
永丰县,district,吉安市
吉安市,city,江西省
德安县,district,九江市
都昌县,district,九江市
共青城市,district,九江市
湖口县,district,九江市
柴桑区,district,九江市
濂溪区,district,九江市
庐山市,district,九江市
彭泽县,district,九江市
瑞昌市,district,九江市
武宁县,district,九江市
浔阳区,district,九江市
修水县,district,九江市
永修县,district,九江市
九江市,city,江西省
昌江区,district,景德镇市
浮梁县,district,景德镇市
乐平市,district,景德镇市
珠山区,district,景德镇市
景德镇市,city,江西省
安义县,district,南昌市
东湖区,district,南昌市
进贤县,district,南昌市
南昌县,district,南昌市
青山湖区,district,南昌市
青云谱区,district,南昌市
湾里区,district,南昌市
西湖区,district,南昌市
新建区,district,南昌市
南昌市,city,江西省
安源区,district,萍乡市
莲花县,district,萍乡市
芦溪县,district,萍乡市
上栗县,district,萍乡市
湘东区,district,萍乡市
萍乡市,city,江西省
德兴市,district,上饶市
广丰区,district,上饶市
横峰县,district,上饶市
鄱阳县,district,上饶市
铅山县,district,上饶市
广信区,district,上饶市
万年县,district,上饶市
婺源县,district,上饶市
信州区,district,上饶市
弋阳县,district,上饶市
余干县,district,上饶市
玉山县,district,上饶市
上饶市,city,江西省
分宜县,district,新余市
渝水区,district,新余市
新余市,city,江西省
奉新县,district,宜春市
丰城市,district,宜春市
高安市,district,宜春市
靖安县,district,宜春市
上高县,district,宜春市
铜鼓县,district,宜春市
万载县,district,宜春市
宜丰县,district,宜春市
袁州区,district,宜春市
樟树市,district,宜春市
宜春市,city,江西省
贵溪市,district,鹰潭市
余江县,district,鹰潭市
月湖区,district,鹰潭市
鹰潭市,city,江西省
江西省,province,中华人民共和国
大安市,district,白城市
洮北区,district,白城市
洮南市,district,白城市
通榆县,district,白城市
镇赉县,district,白城市
白城市,city,吉林省
抚松县,district,白山市
浑江区,district,白山市
江源区,district,白山市
靖宇县,district,白山市
临江市,district,白山市
长白朝鲜族自治县,district,白山市
白山市,city,吉林省
昌邑区,district,吉林市
船营区,district,吉林市
丰满区,district,吉林市
桦甸市,district,吉林市
蛟河市,district,吉林市
龙潭区,district,吉林市
磐石市,district,吉林市
舒兰市,district,吉林市
永吉县,district,吉林市
吉林市,city,吉林省
东丰县,district,辽源市
东辽县,district,辽源市
龙山区,district,辽源市
西安区,district,辽源市
辽源市,city,吉林省
扶余市,district,松原市
乾安县,district,松原市
宁江区,district,松原市
前郭尔罗斯蒙古族自治县,district,松原市
长岭县,district,松原市
松原市,city,吉林省
公主岭市,district,四平市
梨树县,district,四平市
双辽市,district,四平市
铁东区,district,四平市
铁西区,district,四平市
伊通满族自治县,district,四平市
四平市,city,吉林省
东昌区,district,通化市
二道江区,district,通化市
辉南县,district,通化市
集安市,district,通化市
柳河县,district,通化市
梅河口市,district,通化市
通化县,district,通化市
通化市,city,吉林省
安图县,district,延边朝鲜族自治州
敦化市,district,延边朝鲜族自治州
和龙市,district,延边朝鲜族自治州
珲春市,district,延边朝鲜族自治州
龙井市,district,延边朝鲜族自治州
图们市,district,延边朝鲜族自治州
汪清县,district,延边朝鲜族自治州
延吉市,district,延边朝鲜族自治州
延边朝鲜族自治州,city,吉林省
朝阳区,district,长春市
德惠市,district,长春市
二道区,district,长春市
九台区,district,长春市
宽城区,district,长春市
绿园区,district,长春市
南关区,district,长春市
农安县,district,长春市
双阳区,district,长春市
榆树市,district,长春市
长春市,city,吉林省
吉林省,province,中华人民共和国
海城市,district,鞍山市
立山区,district,鞍山市
千山区,district,鞍山市
台安县,district,鞍山市
铁东区,district,鞍山市
铁西区,district,鞍山市
岫岩满族自治县,district,鞍山市
鞍山市,city,辽宁省
本溪满族自治县,district,本溪市
桓仁满族自治县,district,本溪市
明山区,district,本溪市
南芬区,district,本溪市
平山区,district,本溪市
溪湖区,district,本溪市
本溪市,city,辽宁省
北票市,district,朝阳市
朝阳县,district,朝阳市
建平县,district,朝阳市
喀喇沁左翼蒙古族自治县,district,朝阳市
凌源市,district,朝阳市
龙城区,district,朝阳市
双塔区,district,朝阳市
朝阳市,city,辽宁省
东港市,district,丹东市
凤城市,district,丹东市
宽甸满族自治县,district,丹东市
元宝区,district,丹东市
振安区,district,丹东市
振兴区,district,丹东市
丹东市,city,辽宁省
甘井子区,district,大连市
金州区,district,大连市
旅顺口区,district,大连市
普兰店区,district,大连市
沙河口区,district,大连市
瓦房店市,district,大连市
西岗区,district,大连市
长海县,district,大连市
庄河市,district,大连市
中山区,district,大连市
大连市,city,辽宁省
东洲区,district,抚顺市
抚顺县,district,抚顺市
清原满族自治县,district,抚顺市
顺城区,district,抚顺市
望花区,district,抚顺市
新宾满族自治县,district,抚顺市
新抚区,district,抚顺市
抚顺市,city,辽宁省
阜新蒙古族自治县,district,阜新市
海州区,district,阜新市
清河门区,district,阜新市
太平区,district,阜新市
细河区,district,阜新市
新邱区,district,阜新市
彰武县,district,阜新市
阜新市,city,辽宁省
建昌县,district,葫芦岛市
连山区,district,葫芦岛市
龙港区,district,葫芦岛市
南票区,district,葫芦岛市
绥中县,district,葫芦岛市
兴城市,district,葫芦岛市
葫芦岛市,city,辽宁省
北镇市,district,锦州市
古塔区,district,锦州市
黑山县,district,锦州市
凌河区,district,锦州市
凌海市,district,锦州市
太和区,district,锦州市
义县,district,锦州市
锦州市,city,辽宁省
白塔区,district,辽阳市
灯塔市,district,辽阳市
弓长岭区,district,辽阳市
宏伟区,district,辽阳市
辽阳县,district,辽阳市
太子河区,district,辽阳市
文圣区,district,辽阳市
辽阳市,city,辽宁省
大洼区,district,盘锦市
盘山县,district,盘锦市
双台子区,district,盘锦市
兴隆台区,district,盘锦市
盘锦市,city,辽宁省
沈河区,district,沈阳市
沈北新区,district,沈阳市
大东区,district,沈阳市
法库县,district,沈阳市
和平区,district,沈阳市
皇姑区,district,沈阳市
浑南区,district,沈阳市
康平县,district,沈阳市
辽中区,district,沈阳市
苏家屯区,district,沈阳市
铁西区,district,沈阳市
新民市,district,沈阳市
于洪区,district,沈阳市
沈阳市,city,辽宁省
昌图县,district,铁岭市
调兵山市,district,铁岭市
开原市,district,铁岭市
清河区,district,铁岭市
铁岭县,district,铁岭市
西丰县,district,铁岭市
银州区,district,铁岭市
铁岭市,city,辽宁省
鲅鱼圈区,district,营口市
大石桥市,district,营口市
盖州市,district,营口市
老边区,district,营口市
西市区,district,营口市
站前区,district,营口市
营口市,city,辽宁省
辽宁省,province,中华人民共和国
泾源县,district,固原市
隆德县,district,固原市
彭阳县,district,固原市
西吉县,district,固原市
原州区,district,固原市
固原市,city,宁夏回族自治区
大武口区,district,石嘴山市
惠农区,district,石嘴山市
平罗县,district,石嘴山市
石嘴山市,city,宁夏回族自治区
红寺堡区,district,吴忠市
利通区,district,吴忠市
青铜峡市,district,吴忠市
同心县,district,吴忠市
盐池县,district,吴忠市
吴忠市,city,宁夏回族自治区
贺兰县,district,银川市
金凤区,district,银川市
灵武市,district,银川市
西夏区,district,银川市
兴庆区,district,银川市
永宁县,district,银川市
银川市,city,宁夏回族自治区
海原县,district,中卫市
沙坡头区,district,中卫市
中宁县,district,中卫市
中卫市,city,宁夏回族自治区
宁夏回族自治区,province,中华人民共和国
阿拉善右旗,district,阿拉善盟
阿拉善左旗,district,阿拉善盟
额济纳旗,district,阿拉善盟
阿拉善盟,city,内蒙古自治区
磴口县,district,巴彦淖尔市
杭锦后旗,district,巴彦淖尔市
临河区,district,巴彦淖尔市
乌拉特中旗,district,巴彦淖尔市
乌拉特前旗,district,巴彦淖尔市
乌拉特后旗,district,巴彦淖尔市
五原县,district,巴彦淖尔市
巴彦淖尔市,city,内蒙古自治区
白云鄂博矿区,district,包头市
达尔罕茂明安联合旗,district,包头市
东河区,district,包头市
固阳县,district,包头市
九原区,district,包头市
昆都仑区,district,包头市
青山区,district,包头市
石拐区,district,包头市
土默特右旗,district,包头市
包头市,city,内蒙古自治区
阿鲁科尔沁旗,district,赤峰市
巴林右旗,district,赤峰市
敖汉旗,district,赤峰市
巴林左旗,district,赤峰市
红山区,district,赤峰市
喀喇沁旗,district,赤峰市
克什克腾旗,district,赤峰市
林西县,district,赤峰市
宁城县,district,赤峰市
松山区,district,赤峰市
翁牛特旗,district,赤峰市
元宝山区,district,赤峰市
赤峰市,city,内蒙古自治区
达拉特旗,district,鄂尔多斯市
东胜区,district,鄂尔多斯市
鄂托克旗,district,鄂尔多斯市
鄂托克前旗,district,鄂尔多斯市
杭锦旗,district,鄂尔多斯市
康巴什区,district,鄂尔多斯市
乌审旗,district,鄂尔多斯市
伊金霍洛旗,district,鄂尔多斯市
准格尔旗,district,鄂尔多斯市
鄂尔多斯市,city,内蒙古自治区
和林格尔县,district,呼和浩特市
回民区,district,呼和浩特市
清水河县,district,呼和浩特市
赛罕区,district,呼和浩特市
土默特左旗,district,呼和浩特市
托克托县,district,呼和浩特市
武川县,district,呼和浩特市
新城区,district,呼和浩特市
玉泉区,district,呼和浩特市
呼和浩特市,city,内蒙古自治区
阿荣旗,district,呼伦贝尔市
陈巴尔虎旗,district,呼伦贝尔市
额尔古纳市,district,呼伦贝尔市
鄂伦春自治旗,district,呼伦贝尔市
鄂温克族自治旗,district,呼伦贝尔市
根河市,district,呼伦贝尔市
海拉尔区,district,呼伦贝尔市
满洲里市,district,呼伦贝尔市
莫力达瓦达斡尔族自治旗,district,呼伦贝尔市
新巴尔虎右旗,district,呼伦贝尔市
新巴尔虎左旗,district,呼伦贝尔市
牙克石市,district,呼伦贝尔市
扎兰屯市,district,呼伦贝尔市
扎赉诺尔区,district,呼伦贝尔市
呼伦贝尔市,city,内蒙古自治区
海勃湾区,district,乌海市
海南区,district,乌海市
乌达区,district,乌海市
乌海市,city,内蒙古自治区
察哈尔右翼中旗,district,乌兰察布市
察哈尔右翼前旗,district,乌兰察布市
察哈尔右翼后旗,district,乌兰察布市
丰镇市,district,乌兰察布市
化德县,district,乌兰察布市
集宁区,district,乌兰察布市
凉城县,district,乌兰察布市
商都县,district,乌兰察布市
四子王旗,district,乌兰察布市
兴和县,district,乌兰察布市
卓资县,district,乌兰察布市
乌兰察布市,city,内蒙古自治区
霍林郭勒市,district,通辽市
科尔沁左翼中旗,district,通辽市
开鲁县,district,通辽市
科尔沁区,district,通辽市
科尔沁左翼后旗,district,通辽市
库伦旗,district,通辽市
奈曼旗,district,通辽市
扎鲁特旗,district,通辽市
通辽市,city,内蒙古自治区
阿巴嘎旗,district,锡林郭勒盟
东乌珠穆沁旗,district,锡林郭勒盟
二连浩特市,district,锡林郭勒盟
多伦县,district,锡林郭勒盟
苏尼特右旗,district,锡林郭勒盟
苏尼特左旗,district,锡林郭勒盟
太仆寺旗,district,锡林郭勒盟
锡林浩特市,district,锡林郭勒盟
镶黄旗,district,锡林郭勒盟
西乌珠穆沁旗,district,锡林郭勒盟
正镶白旗,district,锡林郭勒盟
正蓝旗,district,锡林郭勒盟
锡林郭勒盟,city,内蒙古自治区
阿尔山市,district,兴安盟
科尔沁右翼中旗,district,兴安盟
科尔沁右翼前旗,district,兴安盟
突泉县,district,兴安盟
乌兰浩特市,district,兴安盟
扎赉特旗,district,兴安盟
兴安盟,city,内蒙古自治区
内蒙古自治区,province,中华人民共和国
博兴县,district,滨州市
滨城区,district,滨州市
惠民县,district,滨州市
无棣县,district,滨州市
阳信县,district,滨州市
沾化区,district,滨州市
邹平县,district,滨州市
滨州市,city,山东省
德城区,district,德州市
乐陵市,district,德州市
临邑县,district,德州市
陵城区,district,德州市
宁津县,district,德州市
平原县,district,德州市
齐河县,district,德州市
庆云县,district,德州市
武城县,district,德州市
夏津县,district,德州市
禹城市,district,德州市
德州市,city,山东省
东营区,district,东营市
广饶县,district,东营市
河口区,district,东营市
垦利区,district,东营市
利津县,district,东营市
东营市,city,山东省
曹县,district,菏泽市
成武县,district,菏泽市
单县,district,菏泽市
定陶区,district,菏泽市
东明县,district,菏泽市
鄄城县,district,菏泽市
巨野县,district,菏泽市
牡丹区,district,菏泽市
郓城县,district,菏泽市
菏泽市,city,山东省
槐荫区,district,济南市
济阳县,district,济南市
历下区,district,济南市
历城区,district,济南市
平阴县,district,济南市
商河县,district,济南市
市中区,district,济南市
天桥区,district,济南市
章丘区,district,济南市
长清区,district,济南市
济南市,city,山东省
嘉祥县,district,济宁市
金乡县,district,济宁市
梁山县,district,济宁市
曲阜市,district,济宁市
任城区,district,济宁市
泗水县,district,济宁市
微山县,district,济宁市
汶上县,district,济宁市
兖州区,district,济宁市
鱼台县,district,济宁市
邹城市,district,济宁市
济宁市,city,山东省
钢城区,district,莱芜市
莱城区,district,莱芜市
莱芜市,city,山东省
茌平县,district,聊城市
东昌府区,district,聊城市
东阿县,district,聊城市
高唐县,district,聊城市
冠县,district,聊城市
临清市,district,聊城市
莘县,district,聊城市
阳谷县,district,聊城市
聊城市,city,山东省
费县,district,临沂市
河东区,district,临沂市
莒南县,district,临沂市
兰陵县,district,临沂市
兰山区,district,临沂市
临沭县,district,临沂市
罗庄区,district,临沂市
蒙阴县,district,临沂市
平邑县,district,临沂市
郯城县,district,临沂市
沂南县,district,临沂市
沂水县,district,临沂市
临沂市,city,山东省
城阳区,district,青岛市
黄岛区,district,青岛市
即墨区,district,青岛市
胶州市,district,青岛市
莱西市,district,青岛市
李沧区,district,青岛市
崂山区,district,青岛市
平度市,district,青岛市
市南区,district,青岛市
市北区,district,青岛市
青岛市,city,山东省
东港区,district,日照市
莒县,district,日照市
岚山区,district,日照市
五莲县,district,日照市
日照市,city,山东省
岱岳区,district,泰安市
东平县,district,泰安市
肥城市,district,泰安市
宁阳县,district,泰安市
泰山区,district,泰安市
新泰市,district,泰安市
泰安市,city,山东省
环翠区,district,威海市
乳山市,district,威海市
荣成市,district,威海市
文登区,district,威海市
威海市,city,山东省
安丘市,district,潍坊市
昌乐县,district,潍坊市
昌邑市,district,潍坊市
坊子区,district,潍坊市
高密市,district,潍坊市
寒亭区,district,潍坊市
奎文区,district,潍坊市
临朐县,district,潍坊市
青州市,district,潍坊市
寿光市,district,潍坊市
潍城区,district,潍坊市
诸城市,district,潍坊市
潍坊市,city,山东省
福山区,district,烟台市
海阳市,district,烟台市
莱山区,district,烟台市
莱阳市,district,烟台市
莱州市,district,烟台市
龙口市,district,烟台市
牟平区,district,烟台市
蓬莱市,district,烟台市
栖霞市,district,烟台市
招远市,district,烟台市
芝罘区,district,烟台市
长岛县,district,烟台市
烟台市,city,山东省
山亭区,district,枣庄市
市中区,district,枣庄市
台儿庄区,district,枣庄市
滕州市,district,枣庄市
薛城区,district,枣庄市
峄城区,district,枣庄市
枣庄市,city,山东省
博山区,district,淄博市
高青县,district,淄博市
桓台县,district,淄博市
临淄区,district,淄博市
沂源县,district,淄博市
张店区,district,淄博市
周村区,district,淄博市
淄川区,district,淄博市
淄博市,city,山东省
山东省,province,中华人民共和国
班玛县,district,果洛藏族自治州
达日县,district,果洛藏族自治州
甘德县,district,果洛藏族自治州
久治县,district,果洛藏族自治州
玛沁县,district,果洛藏族自治州
玛多县,district,果洛藏族自治州
果洛藏族自治州,city,青海省
互助土族自治县,district,海东市
化隆回族自治县,district,海东市
乐都区,district,海东市
民和回族土族自治县,district,海东市
平安区,district,海东市
循化撒拉族自治县,district,海东市
海东市,city,青海省
刚察县,district,海北藏族自治州
海晏县,district,海北藏族自治州
门源回族自治县,district,海北藏族自治州
祁连县,district,海北藏族自治州
海北藏族自治州,city,青海省
德令哈市,district,海西蒙古族藏族自治州
都兰县,district,海西蒙古族藏族自治州
格尔木市,district,海西蒙古族藏族自治州
海西蒙古族藏族自治州直辖,district,海西蒙古族藏族自治州
天峻县,district,海西蒙古族藏族自治州
乌兰县,district,海西蒙古族藏族自治州
海西蒙古族藏族自治州,city,青海省
共和县,district,海南藏族自治州
贵南县,district,海南藏族自治州
贵德县,district,海南藏族自治州
同德县,district,海南藏族自治州
兴海县,district,海南藏族自治州
海南藏族自治州,city,青海省
河南蒙古族自治县,district,黄南藏族自治州
尖扎县,district,黄南藏族自治州
同仁县,district,黄南藏族自治州
泽库县,district,黄南藏族自治州
黄南藏族自治州,city,青海省
城北区,district,西宁市
城东区,district,西宁市
城中区,district,西宁市
城西区,district,西宁市
大通回族土族自治县,district,西宁市
湟中县,district,西宁市
湟源县,district,西宁市
西宁市,city,青海省
称多县,district,玉树藏族自治州
囊谦县,district,玉树藏族自治州
曲麻莱县,district,玉树藏族自治州
玉树市,district,玉树藏族自治州
杂多县,district,玉树藏族自治州
治多县,district,玉树藏族自治州
玉树藏族自治州,city,青海省
青海省,province,中华人民共和国
白河县,district,安康市
汉阴县,district,安康市
汉滨区,district,安康市
岚皋县,district,安康市
宁陕县,district,安康市
平利县,district,安康市
石泉县,district,安康市
旬阳县,district,安康市
镇坪县,district,安康市
紫阳县,district,安康市
安康市,city,陕西省
陈仓区,district,宝鸡市
凤县,district,宝鸡市
凤翔县,district,宝鸡市
扶风县,district,宝鸡市
金台区,district,宝鸡市
麟游县,district,宝鸡市
陇县,district,宝鸡市
眉县,district,宝鸡市
岐山县,district,宝鸡市
千阳县,district,宝鸡市
太白县,district,宝鸡市
渭滨区,district,宝鸡市
宝鸡市,city,陕西省
城固县,district,汉中市
略阳县,district,汉中市
佛坪县,district,汉中市
汉台区,district,汉中市
留坝县,district,汉中市
勉县,district,汉中市
南郑区,district,汉中市
宁强县,district,汉中市
西乡县,district,汉中市
洋县,district,汉中市
镇巴县,district,汉中市
汉中市,city,陕西省
丹凤县,district,商洛市
洛南县,district,商洛市
山阳县,district,商洛市
商南县,district,商洛市
商州区,district,商洛市
柞水县,district,商洛市
镇安县,district,商洛市
商洛市,city,陕西省
王益区,district,铜川市
宜君县,district,铜川市
耀州区,district,铜川市
印台区,district,铜川市
铜川市,city,陕西省
白水县,district,渭南市
澄城县,district,渭南市
大荔县,district,渭南市
富平县,district,渭南市
韩城市,district,渭南市
合阳县,district,渭南市
华阴市,district,渭南市
华州区,district,渭南市
临渭区,district,渭南市
蒲城县,district,渭南市
潼关县,district,渭南市
渭南市,city,陕西省
灞桥区,district,西安市
碑林区,district,西安市
高陵区,district,西安市
鄠邑区,district,西安市
蓝田县,district,西安市
莲湖区,district,西安市
临潼区,district,西安市
未央区,district,西安市
新城区,district,西安市
阎良区,district,西安市
雁塔区,district,西安市
长安区,district,西安市
周至县,district,西安市
西安市,city,陕西省
彬县,district,咸阳市
淳化县,district,咸阳市
乾县,district,咸阳市
泾阳县,district,咸阳市
礼泉县,district,咸阳市
秦都区,district,咸阳市
三原县,district,咸阳市
渭城区,district,咸阳市
武功县,district,咸阳市
兴平市,district,咸阳市
旬邑县,district,咸阳市
杨陵区,district,咸阳市
永寿县,district,咸阳市
长武县,district,咸阳市
咸阳市,city,陕西省
安塞区,district,延安市
宝塔区,district,延安市
富县,district,延安市
甘泉县,district,延安市
黄龙县,district,延安市
黄陵县,district,延安市
洛川县,district,延安市
吴起县,district,延安市
延川县,district,延安市
延长县,district,延安市
宜川县,district,延安市
志丹县,district,延安市
子长县,district,延安市
延安市,city,陕西省
定边县,district,榆林市
府谷县,district,榆林市
横山区,district,榆林市
佳县,district,榆林市
靖边县,district,榆林市
米脂县,district,榆林市
清涧县,district,榆林市
神木市,district,榆林市
绥德县,district,榆林市
吴堡县,district,榆林市
榆阳区,district,榆林市
子洲县,district,榆林市
榆林市,city,陕西省
陕西省,province,中华人民共和国
宝坻区,district,天津城区
北辰区,district,天津城区
滨海新区,district,天津城区
东丽区,district,天津城区
和平区,district,天津城区
河北区,district,天津城区
河东区,district,天津城区
河西区,district,天津城区
红桥区,district,天津城区
蓟州区,district,天津城区
津南区,district,天津城区
静海区,district,天津城区
南开区,district,天津城区
宁河区,district,天津城区
武清区,district,天津城区
西青区,district,天津城区
天津城区,city,天津市
天津市,province,中华人民共和国
油尖旺区,district,香港特别行政区
湾仔区,district,香港特别行政区
龙跃头乡,street,北区
北区,district,香港特别行政区
大埔区,district,香港特别行政区
东区,district,香港特别行政区
观塘区,district,香港特别行政区
黄大仙区,district,香港特别行政区
九龙城区,district,香港特别行政区
葵青区,district,香港特别行政区
梅窝乡,street,离岛区
离岛区,district,香港特别行政区
南区,district,香港特别行政区
荃湾区,district,香港特别行政区
沙田区,district,香港特别行政区
深水埗区,district,香港特别行政区
屯门区,district,香港特别行政区
西贡区,district,香港特别行政区
逢吉乡,street,元朗区
元朗区,district,香港特别行政区
中西区,district,香港特别行政区
香港特别行政区,province,中华人民共和国
阿坝县,district,阿坝藏族羌族自治州
红原县,district,阿坝藏族羌族自治州
黑水县,district,阿坝藏族羌族自治州
金川县,district,阿坝藏族羌族自治州
九寨沟县,district,阿坝藏族羌族自治州
理县,district,阿坝藏族羌族自治州
马尔康市,district,阿坝藏族羌族自治州
茂县,district,阿坝藏族羌族自治州
壤塘县,district,阿坝藏族羌族自治州
若尔盖县,district,阿坝藏族羌族自治州
松潘县,district,阿坝藏族羌族自治州
汶川县,district,阿坝藏族羌族自治州
小金县,district,阿坝藏族羌族自治州
阿坝藏族羌族自治州,city,四川省
巴州区,district,巴中市
恩阳区,district,巴中市
南江县,district,巴中市
平昌县,district,巴中市
通江县,district,巴中市
巴中市,city,四川省
成华区,district,成都市
崇州市,district,成都市
大邑县,district,成都市
都江堰市,district,成都市
简阳市,district,成都市
金堂县,district,成都市
金牛区,district,成都市
锦江区,district,成都市
龙泉驿区,district,成都市
彭州市,district,成都市
郫都区,district,成都市
蒲江县,district,成都市
青白江区,district,成都市
青羊区,district,成都市
邛崃市,district,成都市
双流区,district,成都市
温江区,district,成都市
武侯区,district,成都市
新都区,district,成都市
新津县,district,成都市
成都市,city,四川省
广汉市,district,德阳市
旌阳区,district,德阳市
罗江区,district,德阳市
绵竹市,district,德阳市
什邡市,district,德阳市
中江县,district,德阳市
德阳市,city,四川省
达川区,district,达州市
大竹县,district,达州市
开江县,district,达州市
渠县,district,达州市
通川区,district,达州市
万源市,district,达州市
宣汉县,district,达州市
达州市,city,四川省
苍溪县,district,广元市
朝天区,district,广元市
剑阁县,district,广元市
利州区,district,广元市
青川县,district,广元市
旺苍县,district,广元市
昭化区,district,广元市
广元市,city,四川省
广安区,district,广安市
华蓥市,district,广安市
邻水县,district,广安市
前锋区,district,广安市
武胜县,district,广安市
岳池县,district,广安市
广安市,city,四川省
巴塘县,district,甘孜藏族自治州
白玉县,district,甘孜藏族自治州
丹巴县,district,甘孜藏族自治州
道孚县,district,甘孜藏族自治州
稻城县,district,甘孜藏族自治州
得荣县,district,甘孜藏族自治州
德格县,district,甘孜藏族自治州
甘孜县,district,甘孜藏族自治州
九龙县,district,甘孜藏族自治州
康定市,district,甘孜藏族自治州
理塘县,district,甘孜藏族自治州
泸定县,district,甘孜藏族自治州
炉霍县,district,甘孜藏族自治州
色达县,district,甘孜藏族自治州
石渠县,district,甘孜藏族自治州
乡城县,district,甘孜藏族自治州
新龙县,district,甘孜藏族自治州
雅江县,district,甘孜藏族自治州
甘孜藏族自治州,city,四川省
布拖县,district,凉山彝族自治州
德昌县,district,凉山彝族自治州
甘洛县,district,凉山彝族自治州
会东县,district,凉山彝族自治州
会理县,district,凉山彝族自治州
金阳县,district,凉山彝族自治州
雷波县,district,凉山彝族自治州
美姑县,district,凉山彝族自治州
冕宁县,district,凉山彝族自治州
木里藏族自治县,district,凉山彝族自治州
宁南县,district,凉山彝族自治州
普格县,district,凉山彝族自治州
西昌市,district,凉山彝族自治州
喜德县,district,凉山彝族自治州
盐源县,district,凉山彝族自治州
越西县,district,凉山彝族自治州
昭觉县,district,凉山彝族自治州
凉山彝族自治州,city,四川省
峨眉山市,district,乐山市
峨边彝族自治县,district,乐山市
夹江县,district,乐山市
犍为县,district,乐山市
井研县,district,乐山市
金口河区,district,乐山市
马边彝族自治县,district,乐山市
沐川县,district,乐山市
沙湾区,district,乐山市
市中区,district,乐山市
五通桥区,district,乐山市
乐山市,city,四川省
安州区,district,绵阳市
北川羌族自治县,district,绵阳市
涪城区,district,绵阳市
江油市,district,绵阳市
平武县,district,绵阳市
三台县,district,绵阳市
盐亭县,district,绵阳市
游仙区,district,绵阳市
梓潼县,district,绵阳市
绵阳市,city,四川省
丹棱县,district,眉山市
东坡区,district,眉山市
洪雅县,district,眉山市
彭山区,district,眉山市
青神县,district,眉山市
仁寿县,district,眉山市
眉山市,city,四川省
古蔺县,district,泸州市
合江县,district,泸州市
江阳区,district,泸州市
龙马潭区,district,泸州市
泸县,district,泸州市
纳溪区,district,泸州市
叙永县,district,泸州市
泸州市,city,四川省
高坪区,district,南充市
嘉陵区,district,南充市
阆中市,district,南充市
南部县,district,南充市
蓬安县,district,南充市
顺庆区,district,南充市
西充县,district,南充市
仪陇县,district,南充市
营山县,district,南充市
南充市,city,四川省
东区,district,攀枝花市
米易县,district,攀枝花市
仁和区,district,攀枝花市
西区,district,攀枝花市
盐边县,district,攀枝花市
攀枝花市,city,四川省
东兴区,district,内江市
隆昌市,district,内江市
市中区,district,内江市
威远县,district,内江市
资中县,district,内江市
内江市,city,四川省
安居区,district,遂宁市
船山区,district,遂宁市
大英县,district,遂宁市
蓬溪县,district,遂宁市
射洪县,district,遂宁市
遂宁市,city,四川省
宝兴县,district,雅安市
汉源县,district,雅安市
芦山县,district,雅安市
名山区,district,雅安市
石棉县,district,雅安市
天全县,district,雅安市
荥经县,district,雅安市
雨城区,district,雅安市
雅安市,city,四川省
翠屏区,district,宜宾市
高县,district,宜宾市
珙县,district,宜宾市
江安县,district,宜宾市
南溪区,district,宜宾市
屏山县,district,宜宾市
兴文县,district,宜宾市
宜宾县,district,宜宾市
筠连县,district,宜宾市
长宁县,district,宜宾市
宜宾市,city,四川省
安岳县,district,资阳市
乐至县,district,资阳市
雁江区,district,资阳市
资阳市,city,四川省
大安区,district,自贡市
富顺县,district,自贡市
贡井区,district,自贡市
荣县,district,自贡市
沿滩区,district,自贡市
自流井区,district,自贡市
自贡市,city,四川省
四川省,province,中华人民共和国
措勤县,district,阿里地区
噶尔县,district,阿里地区
改则县,district,阿里地区
革吉县,district,阿里地区
普兰县,district,阿里地区
日土县,district,阿里地区
札达县,district,阿里地区
阿里地区,city,西藏自治区
八宿县,district,昌都市
边坝县,district,昌都市
察雅县,district,昌都市
丁青县,district,昌都市
贡觉县,district,昌都市
江达县,district,昌都市
卡若区,district,昌都市
类乌齐县,district,昌都市
洛隆县,district,昌都市
芒康县,district,昌都市
左贡县,district,昌都市
昌都市,city,西藏自治区
达孜县,district,拉萨市
城关区,district,拉萨市
当雄县,district,拉萨市
堆龙德庆区,district,拉萨市
林周县,district,拉萨市
墨竹工卡县,district,拉萨市
尼木县,district,拉萨市
曲水县,district,拉萨市
拉萨市,city,西藏自治区
巴宜区,district,林芝市
察隅县,district,林芝市
波密县,district,林芝市
工布江达县,district,林芝市
朗县,district,林芝市
米林县,district,林芝市
墨脱县,district,林芝市
林芝市,city,西藏自治区
安多县,district,那曲地区
巴青县,district,那曲地区
班戈县,district,那曲地区
比如县,district,那曲地区
嘉黎县,district,那曲地区
那曲县,district,那曲地区
尼玛县,district,那曲地区
聂荣县,district,那曲地区
申扎县,district,那曲地区
双湖县,district,那曲地区
索县,district,那曲地区
那曲地区,city,西藏自治区
措美县,district,山南市
错那县,district,山南市
贡嘎县,district,山南市
加查县,district,山南市
浪卡子县,district,山南市
隆子县,district,山南市
洛扎县,district,山南市
乃东区,district,山南市
曲松县,district,山南市
琼结县,district,山南市
桑日县,district,山南市
扎囊县,district,山南市
山南市,city,西藏自治区
昂仁县,district,日喀则市
白朗县,district,日喀则市
定结县,district,日喀则市
定日县,district,日喀则市
岗巴县,district,日喀则市
吉隆县,district,日喀则市
江孜县,district,日喀则市
康马县,district,日喀则市
拉孜县,district,日喀则市
南木林县,district,日喀则市
聂拉木县,district,日喀则市
萨嘎县,district,日喀则市
萨迦县,district,日喀则市
仁布县,district,日喀则市
桑珠孜区,district,日喀则市
谢通门县,district,日喀则市
亚东县,district,日喀则市
仲巴县,district,日喀则市
日喀则市,city,西藏自治区
西藏自治区,province,中华人民共和国
阿克苏市,district,阿克苏地区
阿瓦提县,district,阿克苏地区
拜城县,district,阿克苏地区
柯坪县,district,阿克苏地区
库车县,district,阿克苏地区
沙雅县,district,阿克苏地区
温宿县,district,阿克苏地区
乌什县,district,阿克苏地区
新和县,district,阿克苏地区
阿克苏地区,city,新疆维吾尔自治区
阿勒泰市,district,阿勒泰地区
布尔津县,district,阿勒泰地区
福海县,district,阿勒泰地区
富蕴县,district,阿勒泰地区
哈巴河县,district,阿勒泰地区
吉木乃县,district,阿勒泰地区
青河县,district,阿勒泰地区
阿勒泰地区,city,新疆维吾尔自治区
昌吉市,district,昌吉回族自治州
阜康市,district,昌吉回族自治州
呼图壁县,district,昌吉回族自治州
吉木萨尔县,district,昌吉回族自治州
玛纳斯县,district,昌吉回族自治州
木垒哈萨克自治县,district,昌吉回族自治州
奇台县,district,昌吉回族自治州
昌吉回族自治州,city,新疆维吾尔自治区
博湖县,district,巴音郭楞蒙古自治州
和静县,district,巴音郭楞蒙古自治州
和硕县,district,巴音郭楞蒙古自治州
库尔勒市,district,巴音郭楞蒙古自治州
轮台县,district,巴音郭楞蒙古自治州
且末县,district,巴音郭楞蒙古自治州
若羌县,district,巴音郭楞蒙古自治州
尉犁县,district,巴音郭楞蒙古自治州
焉耆回族自治县,district,巴音郭楞蒙古自治州
巴音郭楞蒙古自治州,city,新疆维吾尔自治区
阿拉山口市,district,博尔塔拉蒙古自治州
博乐市,district,博尔塔拉蒙古自治州
精河县,district,博尔塔拉蒙古自治州
温泉县,district,博尔塔拉蒙古自治州
博尔塔拉蒙古自治州,city,新疆维吾尔自治区
巴里坤哈萨克自治县,district,哈密市
伊吾县,district,哈密市
伊州区,district,哈密市
哈密市,city,新疆维吾尔自治区
策勒县,district,和田地区
和田市,district,和田地区
和田县,district,和田地区
洛浦县,district,和田地区
民丰县,district,和田地区
墨玉县,district,和田地区
皮山县,district,和田地区
于田县,district,和田地区
和田地区,city,新疆维吾尔自治区
阿克陶县,district,克孜勒苏柯尔克孜自治州
阿合奇县,district,克孜勒苏柯尔克孜自治州
阿图什市,district,克孜勒苏柯尔克孜自治州
乌恰县,district,克孜勒苏柯尔克孜自治州
克孜勒苏柯尔克孜自治州,city,新疆维吾尔自治区
白碱滩区,district,克拉玛依市
独山子区,district,克拉玛依市
克拉玛依区,district,克拉玛依市
乌尔禾区,district,克拉玛依市
克拉玛依市,city,新疆维吾尔自治区
巴楚县,district,喀什地区
伽师县,district,喀什地区
喀什市,district,喀什地区
麦盖提县,district,喀什地区
莎车县,district,喀什地区
疏附县,district,喀什地区
疏勒县,district,喀什地区
塔什库尔干塔吉克自治县,district,喀什地区
叶城县,district,喀什地区
英吉沙县,district,喀什地区
岳普湖县,district,喀什地区
泽普县,district,喀什地区
喀什地区,city,新疆维吾尔自治区
额敏县,district,塔城地区
和布克赛尔蒙古自治县,district,塔城地区
沙湾县,district,塔城地区
塔城市,district,塔城地区
托里县,district,塔城地区
乌苏市,district,塔城地区
裕民县,district,塔城地区
塔城地区,city,新疆维吾尔自治区
达坂城区,district,乌鲁木齐市
米东区,district,乌鲁木齐市
沙依巴克区,district,乌鲁木齐市
水磨沟区,district,乌鲁木齐市
天山区,district,乌鲁木齐市
头屯河区,district,乌鲁木齐市
乌鲁木齐县,district,乌鲁木齐市
新市区,district,乌鲁木齐市
乌鲁木齐市,city,新疆维吾尔自治区
高昌区,district,吐鲁番市
鄯善县,district,吐鲁番市
托克逊县,district,吐鲁番市
吐鲁番市,city,新疆维吾尔自治区
察布查尔锡伯自治县,district,伊犁哈萨克自治州
巩留县,district,伊犁哈萨克自治州
霍尔果斯市,district,伊犁哈萨克自治州
霍城县,district,伊犁哈萨克自治州
奎屯市,district,伊犁哈萨克自治州
尼勒克县,district,伊犁哈萨克自治州
特克斯县,district,伊犁哈萨克自治州
新源县,district,伊犁哈萨克自治州
伊宁市,district,伊犁哈萨克自治州
伊宁县,district,伊犁哈萨克自治州
昭苏县,district,伊犁哈萨克自治州
伊犁哈萨克自治州,city,新疆维吾尔自治区
托喀依乡,street,阿拉尔市
阿拉尔市,city,新疆维吾尔自治区
北屯镇,street,北屯市
北屯市,city,新疆维吾尔自治区
可克达拉市,city,新疆维吾尔自治区
昆玉市,city,新疆维吾尔自治区
向阳街道,street,石河子市
老街街道,street,石河子市
东城街道,street,石河子市
新城镇,street,石河子市
红山街道,street,石河子市
北泉镇,street,石河子市
石河子镇,street,石河子市
石河子市,city,新疆维吾尔自治区
双河市,city,新疆维吾尔自治区
铁门关市,city,新疆维吾尔自治区
四十九团九连,street,图木舒克市
图木舒克市,city,新疆维吾尔自治区
梧桐镇,street,五家渠市
五家渠市,city,新疆维吾尔自治区
新疆维吾尔自治区,province,中华人民共和国
昌宁县,district,保山市
隆阳区,district,保山市
龙陵县,district,保山市
施甸县,district,保山市
腾冲市,district,保山市
保山市,city,云南省
楚雄市,district,楚雄彝族自治州
大姚县,district,楚雄彝族自治州
禄丰县,district,楚雄彝族自治州
牟定县,district,楚雄彝族自治州
南华县,district,楚雄彝族自治州
双柏县,district,楚雄彝族自治州
武定县,district,楚雄彝族自治州
姚安县,district,楚雄彝族自治州
永仁县,district,楚雄彝族自治州
元谋县,district,楚雄彝族自治州
楚雄彝族自治州,city,云南省
宾川县,district,大理白族自治州
大理市,district,大理白族自治州
洱源县,district,大理白族自治州
鹤庆县,district,大理白族自治州
剑川县,district,大理白族自治州
弥渡县,district,大理白族自治州
南涧彝族自治县,district,大理白族自治州
巍山彝族回族自治县,district,大理白族自治州
祥云县,district,大理白族自治州
漾濞彝族自治县,district,大理白族自治州
永平县,district,大理白族自治州
云龙县,district,大理白族自治州
大理白族自治州,city,云南省
梁河县,district,德宏傣族景颇族自治州
陇川县,district,德宏傣族景颇族自治州
芒市,district,德宏傣族景颇族自治州
瑞丽市,district,德宏傣族景颇族自治州
盈江县,district,德宏傣族景颇族自治州
德宏傣族景颇族自治州,city,云南省
德钦县,district,迪庆藏族自治州
维西傈僳族自治县,district,迪庆藏族自治州
香格里拉市,district,迪庆藏族自治州
迪庆藏族自治州,city,云南省
个旧市,district,红河哈尼族彝族自治州
河口瑶族自治县,district,红河哈尼族彝族自治州
红河县,district,红河哈尼族彝族自治州
建水县,district,红河哈尼族彝族自治州
金平苗族瑶族傣族自治县,district,红河哈尼族彝族自治州
开远市,district,红河哈尼族彝族自治州
绿春县,district,红河哈尼族彝族自治州
泸西县,district,红河哈尼族彝族自治州
弥勒市,district,红河哈尼族彝族自治州
蒙自市,district,红河哈尼族彝族自治州
屏边苗族自治县,district,红河哈尼族彝族自治州
石屏县,district,红河哈尼族彝族自治州
元阳县,district,红河哈尼族彝族自治州
红河哈尼族彝族自治州,city,云南省
安宁市,district,昆明市
呈贡区,district,昆明市
东川区,district,昆明市
富民县,district,昆明市
官渡区,district,昆明市
晋宁区,district,昆明市
禄劝彝族苗族自治县,district,昆明市
盘龙区,district,昆明市
石林彝族自治县,district,昆明市
嵩明县,district,昆明市
五华区,district,昆明市
西山区,district,昆明市
寻甸回族彝族自治县,district,昆明市
宜良县,district,昆明市
昆明市,city,云南省
古城区,district,丽江市
华坪县,district,丽江市
宁蒗彝族自治县,district,丽江市
永胜县,district,丽江市
玉龙纳西族自治县,district,丽江市
丽江市,city,云南省
沧源佤族自治县,district,临沧市
凤庆县,district,临沧市
耿马傣族佤族自治县,district,临沧市
临翔区,district,临沧市
双江拉祜族佤族布朗族傣族自治县,district,临沧市
永德县,district,临沧市
云县,district,临沧市
镇康县,district,临沧市
临沧市,city,云南省
福贡县,district,怒江傈僳族自治州
贡山独龙族怒族自治县,district,怒江傈僳族自治州
兰坪白族普米族自治县,district,怒江傈僳族自治州
泸水市,district,怒江傈僳族自治州
怒江傈僳族自治州,city,云南省
富源县,district,曲靖市
会泽县,district,曲靖市
陆良县,district,曲靖市
罗平县,district,曲靖市
马龙县,district,曲靖市
麒麟区,district,曲靖市
师宗县,district,曲靖市
宣威市,district,曲靖市
沾益区,district,曲靖市
曲靖市,city,云南省
江城哈尼族彝族自治县,district,普洱市
景谷傣族彝族自治县,district,普洱市
景东彝族自治县,district,普洱市
澜沧拉祜族自治县,district,普洱市
孟连傣族拉祜族佤族自治县,district,普洱市
墨江哈尼族自治县,district,普洱市
宁洱哈尼族彝族自治县,district,普洱市
思茅区,district,普洱市
西盟佤族自治县,district,普洱市
镇沅彝族哈尼族拉祜族自治县,district,普洱市
普洱市,city,云南省
富宁县,district,文山壮族苗族自治州
广南县,district,文山壮族苗族自治州
麻栗坡县,district,文山壮族苗族自治州
马关县,district,文山壮族苗族自治州
丘北县,district,文山壮族苗族自治州
文山市,district,文山壮族苗族自治州
西畴县,district,文山壮族苗族自治州
砚山县,district,文山壮族苗族自治州
文山壮族苗族自治州,city,云南省
景洪市,district,西双版纳傣族自治州
勐腊县,district,西双版纳傣族自治州
勐海县,district,西双版纳傣族自治州
西双版纳傣族自治州,city,云南省
澄江县,district,玉溪市
峨山彝族自治县,district,玉溪市
红塔区,district,玉溪市
华宁县,district,玉溪市
江川区,district,玉溪市
通海县,district,玉溪市
新平彝族傣族自治县,district,玉溪市
易门县,district,玉溪市
元江哈尼族彝族傣族自治县,district,玉溪市
玉溪市,city,云南省
大关县,district,昭通市
鲁甸县,district,昭通市
巧家县,district,昭通市
水富县,district,昭通市
绥江县,district,昭通市
威信县,district,昭通市
盐津县,district,昭通市
彝良县,district,昭通市
永善县,district,昭通市
昭阳区,district,昭通市
镇雄县,district,昭通市
昭通市,city,云南省
云南省,province,中华人民共和国
滨江区,district,杭州市
淳安县,district,杭州市
富阳区,district,杭州市
拱墅区,district,杭州市
江干区,district,杭州市
建德市,district,杭州市
临安区,district,杭州市
上城区,district,杭州市
桐庐县,district,杭州市
西湖区,district,杭州市
萧山区,district,杭州市
下城区,district,杭州市
余杭区,district,杭州市
杭州市,city,浙江省
海盐县,district,嘉兴市
海宁市,district,嘉兴市
嘉善县,district,嘉兴市
南湖区,district,嘉兴市
平湖市,district,嘉兴市
桐乡市,district,嘉兴市
秀洲区,district,嘉兴市
嘉兴市,city,浙江省
安吉县,district,湖州市
德清县,district,湖州市
南浔区,district,湖州市
吴兴区,district,湖州市
长兴县,district,湖州市
湖州市,city,浙江省
景宁畲族自治县,district,丽水市
缙云县,district,丽水市
莲都区,district,丽水市
龙泉市,district,丽水市
青田县,district,丽水市
庆元县,district,丽水市
遂昌县,district,丽水市
松阳县,district,丽水市
云和县,district,丽水市
丽水市,city,浙江省
东阳市,district,金华市
金东区,district,金华市
兰溪市,district,金华市
磐安县,district,金华市
浦江县,district,金华市
婺城区,district,金华市
武义县,district,金华市
义乌市,district,金华市
永康市,district,金华市
金华市,city,浙江省
常山县,district,衢州市
江山市,district,衢州市
开化县,district,衢州市
柯城区,district,衢州市
龙游县,district,衢州市
衢江区,district,衢州市
衢州市,city,浙江省
北仑区,district,宁波市
慈溪市,district,宁波市
奉化区,district,宁波市
海曙区,district,宁波市
江北区,district,宁波市
宁海县,district,宁波市
象山县,district,宁波市
鄞州区,district,宁波市
余姚市,district,宁波市
镇海区,district,宁波市
宁波市,city,浙江省
柯桥区,district,绍兴市
嵊州市,district,绍兴市
上虞区,district,绍兴市
新昌县,district,绍兴市
越城区,district,绍兴市
诸暨市,district,绍兴市
绍兴市,city,浙江省
黄岩区,district,台州市
椒江区,district,台州市
临海市,district,台州市
路桥区,district,台州市
三门县,district,台州市
天台县,district,台州市
温岭市,district,台州市
仙居县,district,台州市
玉环市,district,台州市
台州市,city,浙江省
苍南县,district,温州市
洞头区,district,温州市
乐清市,district,温州市
龙湾区,district,温州市
鹿城区,district,温州市
瓯海区,district,温州市
平阳县,district,温州市
瑞安市,district,温州市
泰顺县,district,温州市
文成县,district,温州市
永嘉县,district,温州市
温州市,city,浙江省
定海区,district,舟山市
岱山县,district,舟山市
普陀区,district,舟山市
嵊泗县,district,舟山市
舟山市,city,浙江省
浙江省,province,中华人民共和国
中华人民共和国,country,中国
